ID	adj.P.Val	P.Value	t	B	logFC	GI	SPOT_ID	SEQUENCE
58585103_ApisMelliferaVitelogenin_749_rc	9.37e-26	1.65e-28	25.5443	54.30507	7.84976	58585103		ATGTTTCAGGCTTTCTGAGATAACGATTCTACTCGTTGAAGATCTCGAGAAGAACTTTCCATTCTTGTTC
58585103_ApisMelliferaVitelogenin_749	1.15e-22	4.06e-25	21.1904	46.85993	4.8263	58585103		GAACAAGAATGGAAAGTTCTTCTCGAGATCTTCAACGAGTAGAATCGTTATCTCAGAAAGCCTGAAACAT
510569_56_AdesAlbopictusDensovirus_Densovirus	6.90e-22	3.64e-24	-20.0856	44.74158	-8.19744	510569		GACTATCACTTTTTCCAAAGTTAAATTTCTCAGGAACTACATTCTCTTTGCATCCGTTACGGTATCGAAA
46276895_ApisMellifera_csdA1_137_rc	2.62e-19	1.84e-21	17.1961	38.67906	5.46664	46276895		TCGATGTTTTTCCATATTTTCGATATTCTCTCTCATTTTTATATGACTTTTGCTCTCGTTCTCTTGAACG
6693799_81_rc_NeodiprionSertiferNucleopolyhedrovirus_Nucleopolyhedrovirus	1.21e-16	1.06e-18	-14.5736	32.42458	-5.90628	6693799		GCAAACATTCTATTTCTTGTAAGGATTAACGAACATTTCGTTGTAGTTTACATCTAAAGCATTGCACAAT
29293088_ProvidenceVirus_Tetravirus_1988	3.06e-16	3.23e-18	-14.1461	31.32899	-4.74814	29293088		ATGATCCGGAAAATAATGCACTAGGTCTAAGAGGCATTGTAGACACCTTCGAAAACAACTTCAGTAGCGC
46276895_ApisMellifera_csdA1_137	1.36e-15	1.67e-17	13.5271	29.70215	4.36612	46276895		CGTTCAAGAGAACGAGAGCAAAAGTCATATAAAAATGAGAGAGAATATCGAAAATATGGAAAAACATCGA
450500_7_FlockHouseVirus_Nodavirus	3.19e-15	4.50e-17	13.1629	28.72233	6.08618	450500		GGGGCTATGGGCAATTGCGCCCTATCCTCAGAGTGGAGGGAACCGAGTTACACGCGCATTGCAACGGGCT
450500_nt0151_FlockHouseVirus_Nodavirus	1.06e-14	1.68e-16	12.6876	27.4175	5.38521	450500		TGGGGCTATGGGGCAATTGCGCCCTATCCTCAGAGTGGAGGGAACCGAGTTACACGCGCATTGCAACGGG
58723_nt1216_rc_BoolaraVirus_Nodavirus	1.14e-13	2.01e-15	11.8168	24.95042	3.11815	58723		AGTTGGTGTGAAACTAAGTTCACTGCGCTAAGGGGCGTTTGTACGTCGCACACGTTGGTCCTCTCAAAAG
71658845_PenaeusMerguiensisDensovirus_Densovirus_384_rc	1.28e-12	2.49e-14	10.969	22.45178	3.37893	71658845		TCCAGAAAAACCTCTTGAAATTCATCCCCCGCCGCACCGCACTTATCACTGTCTCTACCCAAGTCATGAG
77025006_nt706_rc_CulexRestuansCypovirus	4.43e-12	9.36e-14	-10.534	21.13294	-3.35949	77025006		CTAGTGGACAACAGAAAACTGATCAAGCATGGTCATGCCGTAGTTCTCAGCCAAGTAAGCATACAATTCA
18072911_ApisMellifera28SrRNA_1433	8.18e-12	1.87e-13	-10.3096	20.44285	-5.75374	18072911		ACAGCCGTTGCACACGAGTCAGTCGATCCTAAGCCCTAAGAGAAATCCTATGTAAATGAGGTGTCCTAAG
30421095_20_rc_DendrolimusPunctatusCypovirus1	1.66e-11	4.09e-13	10.0594	19.66591	3.53838	30421095		GCTTAGGCAGTTCAACAATATCCTCACTCCAATTCATGCGTGCCTCAACGTCCTTTTTCTCTGCCTCGTC
9800536_nt828_rc_TrichoplusiaNiCypovirus15	8.45e-11	2.23e-12	9.5237	17.97609	3.11432	9800536		GCTGTTCAAACTGCATGTTCTGTGGCGCTTTCACTCTCACGCGCACTTTTAAGTTCGATTCGGGGGCATC
21321708_71_rc_CricketParalysisVirus_Dicistro	1.71e-10	4.81e-12	-9.2853	17.21285	-4.50398	21321708		TAATTATCCCAATCCTGTTTTCCAGGAATCTTCTTGATTGCAAAGAAAGCCAAAACAGCGAAGATTAATT
71658845_PenaeusMerguiensisDensovirus_Densovirus_4806	3.69e-09	1.11e-10	8.3293	14.09037	2.90127	71658845		ACATATCCAAGAGCGAGGACAGTTGGGCTATCATAGCCACCAGGGGCAAGATGAACCATCTACAGGCATT
14780876_400_TauraSyndromeVirus_Dicistro	3.69e-09	1.17e-10	8.3127	14.03517	2.5525	14780876		GGCTTAATTTAACACCCTTCAGGTGTAGACCCGTCATTGTGACGCGTGGGTTGAGGTGCCATGAATTTGT
124494152_IsraelAcuteParalysisVirus_Dicistro_1268	6.64e-09	2.22e-10	8.1207	13.39704	2.0056	124494152		GAAGAAAGGGAAATCTTGAAGAGTACTGCATTCAAATTCAACCATTCGATGGACCGAGCGAATCATATTA
2829116_9_PopilliaJaponicaIridescentVirus31_Iridovirus	4.57e-08	1.61e-09	7.5342	11.42983	2.45598	2829116		GAATCAACTTCCAGTTCAGAGATTGGGATCAGCTCCTATCCTCGACAACATCAATTCTGCGGCGTCTCAG
9632405_SacbroodVirus_Iflavirus_6737_rc	9.92e-08	3.67e-09	-7.2917	10.61014	-3.94482	9632405		ATTGGTTTAGATAGGTCCTCATCTGTGGCTATAAACTTCCTTATATCCTTAAACATTCCAAATGACGGAG
15042589_nt1505_rc_EpinotiaAporemaGranulovirus_Granulovirus	1.11e-07	4.29e-09	7.2457	10.4543	1.81193	15042589		CAACCAAACCCATGTAATTTTCCTTGGTTACCGTAGTTTCGTCTGCGACAACGCCTCGTTTCTTGATCAT
1235936_nt557_rc_TrichoplusiaNiGranulovirus_Granulovirus	1.28e-07	5.18e-09	-7.1906	10.2675	-4.86189	1235936		TTGAATCTCATCTCGTGCAGACCTTTATCACAAGCAGCTAATCTTGTAATAAATTTCTTGTAAACGTGCA
2988413_NosemaApis_538_Fungi	1.84e-07	7.79e-09	7.0711	9.86223	5.65811	2988413		CTGGAGGATCGAAGATGATTAGATACCATTGTAGTTCCAGCAGTAAACTATGCCGACGATGTGATATGAG
14993618_106_Cypovirus14	2.49e-07	1.10e-08	6.9716	9.52444	2.0363	14993618		AAAATGATGACGTATTTGTTACTCGGGCGGGTGAATTAGGCTTACGCTACGCCGAAGGTTTTGACGACAT
17158105_WhiteSpotSyndromeVirus_Nimavirus_270319	2.79e-07	1.28e-08	6.9272	9.37359	2.36775	17158105		CTGCCACATCTTCTCGTCCTCCAAATAGATCGCTGGCCAATTCTTCTCGAAGCACTTCCTTCTGGTCATC
195970377_PteromalusPuparumDicistrovirus_1421	2.97e-07	1.41e-08	6.8977	9.2734	2.06837	195970377		AACAAACTCCTTCGACCATCCACCTTGTTTTCGACGTTCCATGGCAAGGACAGGGCTCTTACACTCGCAA
28395433_nt5266_rc_BlatellaGermanicaDensovirus_Densovirus	3.50e-07	1.72e-08	6.8392	9.07447	2.41016	28395433		TGCCCCAAGCCCACAGCTTGCACCGGCCGCCCGCAGCTGCCGCTGGAGGGGGGAGTCGTCGACCTTGACT
47087494_nt180_rc_AgrotisIpsilonNucleopolyhedrovirus_Nucleopolyhedrovirus	4.31e-07	2.24e-08	6.7632	8.81633	2.01205	47087494		GGTGAAGATGCCCAGGCCGACTTTGACATTCCAGTCGGTGCCGCTGCTCGGCTGCCGCACATCGGACACT
9632270_HeliverpaAermigeraStuntVirus_Tetravirus_4890	4.31e-07	2.29e-08	6.7565	8.79353	2.11536	9632270		CAGAAGACGAAGCTTTCCTCCGACGCATCCAAAGGCTACTCAAGAACTAAGGGATGCTCACAATCCACCT
58013199_nt074994_rc_ChoristoneuraFumiferanaMNucleopolyhedrovirus_Nucleopolyhedrovirus	4.31e-07	2.35e-08	6.7487	8.76707	1.91079	58013199		CGAAATGCTGTTTGGTGACGACAAGGATGTGTTGACGGCAGCATTGGCGAGGTGCGAACCCTTTGTGACG
73621242_KelpFlyVirus_10703	4.98e-07	2.81e-08	6.6972	8.59182	2.56232	73621242		AGCAGAGGCGCTACAATTGCTCCTGTCACCTATCCGAGTGTCAAGCCGAACGACAAACTCATTGACTTTG
603872_DiadromusPulchellusIdnoreovirus_Idnoreovirus_2885	6.30e-07	3.66e-08	-6.6196	8.32814	-3.93511	603872		TGAGTCGAATGTGAACATTGTTGAAATTGACACTGGAGTGGAAATGACAAACGCAGAAGTAAATGCAATA
9626209_108_BlackBeetleVirus_Nodavirus	7.17e-07	4.29e-08	6.5736	8.17172	2.03979	9626209		ACGTTTGATGAAGCGGCGTTGCGCCGAACTCCGTGGACGAATCGTTACCAATGTTAAACGATGCCAAGCA
20451028_348_rc_TriatomaVirus_Dicistro	7.98e-07	4.92e-08	6.5337	8.03586	2.93339	20451028		TTGACCCAATGTACGAACAACCACTAGCCTCTAAGTAGTGGACTCTGAAGTCGAAGATAGATAAAAATTT
207560084_AscophaeraApis_1_Fungi	8.04e-07	5.09e-08	6.5235	8.00137	2.36317	207560084		TATGGGGCTTTGTCTTTCGCTCTAGTGGCCTGGCCGACTGTCCGGTCTAACCATCATTTACTTCTAGTGG
46560623_PaenibacillusLarvae_Bacteria_166_rc	8.27e-07	5.38e-08	6.5074	7.94652	2.66986	46560623		CCCATCTGTAAGTGACAGGTTGCCCCGTCTTTCATGACTTCTTCATGCGAAGAAACCAGCTATCCGGTAT
6063472_SilkwormParvolikeVirus_Parvovirus_569	1.06e-06	7.09e-08	6.4274	7.67461	2.30368	6063472		TTCCTCGCTCACTTCAGAAGAGCGCGAAAAGGCTGACGATCTCCTCTCTAGAATCAGGAAACGGAAAGCA
124494152_IsraelAcuteParalysisVirus_Dicistro_8272_rc	1.39e-06	9.55e-08	-6.3406	7.37964	-2.29395	124494152		GTTATTATCGGAAGGAGCCGCCGTTCCTGTGAGTTGATCCTGATCAGGCCCAATGTTATTAACAGTGGGT
28395433_nt0121_BlatellaGermanicaDensovirus_Densovirus	1.43e-06	1.00e-07	6.3259	7.32986	2.27245	28395433		TGAAGTCAAGGTCGACGACTCCCCCCTCCAGCGGCAGCTGCGGCGGCCGGTGCAAGCTGTGGGCTTGGGG
2988413_NosemaApis_872_Fungi	2.07e-06	1.52e-07	6.2044	6.91738	6.16442	2988413		TGACACTATTAGTGTAGGAAGGAAAGGACTAAAACAGGTCAGTTATGCCCTCTGACATTTTGGGCAGCAC
27435581_nt0046_MyzusPersicaeDensovirus_Densovirus	2.07e-06	1.53e-07	6.2034	6.91401	2.11414	27435581		ATCTTTTTATATAATAAAAAGATAGCAGGTATCCAGTAGGCGACTAGGTGGGGGTGACGTCATCACTATT
2988413_NosemaApis_906_rc_Fungi	2.49e-06	1.88e-07	6.1424	6.70718	3.29906	2988413		TATCCCATAAAGATTAAAGTCTATTGTATTGCGCGTGCTGCCCAAAATGTCAGAGGGCATAACTGACCTG
45544496_BrevibacillusLaterosporus_Bacteria_132_rc	2.79e-06	2.16e-07	6.1022	6.57121	2.04484	45544496		GCAGGCCCATCTGTAAGTGATAGCTTGCGCCATCTTTCCGTTTCGCTTCAGGCGAAGCAAAACCCTATCC
122704919_TropilaelapsClareae_Mite_5	3.60e-06	2.86e-07	6.0212	6.29679	1.95893	122704919		ATTACTGTCGCAAAGTCCATTCACTCCGTCGGCGAGCGAGTGGTGCTCGAATGATGTTCTAACCCGCTCC
4098251_8_rc_ChoristoneuraFumiferanaEntomopoxvirusL_Entomopoxvirus	4.46e-06	3.61e-07	5.9528	6.06549	1.52212	4098251		AGTTGTAGAAAATATTGGTATTATAAGTTATAATATCAAATACAAATTTTTGAAAATAATATTATTTTTT
11932039_232_SpodopteraFrugiperdaAscovirus1a	5.07e-06	4.20e-07	5.9087	5.91664	1.19965	11932039		AGCCCATTCAAGGCCCGAGGATCATTCAAAAAATAATGGACGATCGTTACGCGGAATCGACGTGTCGCTA
2988413_NosemaApis_3503_rc_Fungi	5.21e-06	4.40e-07	5.8949	5.87012	3.03765	2988413		GAGGCTTTCAGCCTTAATCGAAATGACGTAGCTAAGCAACATAACTGAATAGTTAATCGCACCACCAGTG
124494152_IsraelAcuteParalysisVirus_Dicistro_2910	5.66e-06	4.88e-07	5.8647	5.76829	1.91493	124494152		GATCAAAACGACCCGAACAAAAACACGATAAGTGCCCTGAATTGGAATTTGAAGATGCAATTGAAGTGTC
154721378_HoneyBeeSlowParalysisVirus_Iflavirus_4878_rc	8.87e-06	7.81e-07	5.7271	5.30496	2.88274	154721378		CATTAGGGTATGTTCGCTTAATCTCCTCAGTAAAGTCGAACTCGGCTAATATTTTCCGTCTCCGGTATAT
331317_26_rc_TipulaIridescentVirus_Iridovirus	8.99e-06	8.07e-07	5.7173	5.27179	1.97634	331317		AGTATGCTGTTGCTGTTGGGCCGCCATACATATATTTTTCGATTTCGTCAAAAGTGGCGATATGATAAAC
84316420_nt8728_HomalodiscaCoagulataVirus1_Dicistro	1.02e-05	9.36e-07	5.6738	5.1258	1.93631	84316420		ACCAATCTCATAGAACCGCTGACCCGAGAAACAGGTCCCGGGCGCCTCTGTGAGAGAACCTTTCAGAATC
30526317_nt3016_rc_KashmirBeeVirus_Dicistro	1.62e-05	1.51e-06	-5.5331	4.65456	-1.49303	30526317		ATGAGAACAAGGTCATCATTAGGAGCATCAATTTGCATCTGTACTTCTAATGTGTCCTTGAACTCATCAT
48697148_DendrolimusPunctatusTetravirus_Tetravirus_5840_rc	1.76e-05	1.67e-06	5.5028	4.55343	1.76949	48697148		CACATTGCGAGATCGTCTTTTGCCGGTGGCTGTGTTACTGTCCATTCTAAAAGTTCCCAACCTTCTTGCT
42357678_nt001_rc_AchaeaJanataGranulovirus_Granulovirus	2.22e-05	2.15e-06	5.4292	4.30783	1.7886	42357678		CTAAATCGGCGTGTTGACGCCCCGCCACCTGCACCATGTTGGCCTCGCCGGCAAAGTAGCGCGGGTCCTC
116878304_nt0091_rc_SpodopteraExiguaAscovirus5a	2.25e-05	2.25e-06	5.4157	4.26297	1.54695	116878304		CAGCGGTGTAGCGGTGACTACATCACCAACCGTTGTCGACGACCTGGATTTGCGCATTAGAAACGCTCTA
37730307_CrithidiaOncopelti_3_Protist	2.25e-05	2.26e-06	5.415	4.26071	2.13673	37730307		TTTGGGTCATCCCCGTGCATGCCATATTCTCAGTGTCGAACAAAAAACAACACACGCCACAAAGGGTGCT
157325505_NoraVirus_11617	2.65e-05	2.75e-06	5.356	4.06451	2.14011	157325505		GGTGTGATGATGTTTTGGAGCCCGCACTGGGTGTGGGTTCGTAGTGCTAGCAATTGCAACTTTTCCTGAA
24078524_SpawnerIsolatedMortalityVirus_154_rc	2.65e-05	2.76e-06	-5.3556	4.0633	-1.44091	24078524		CCAAACGAAAAGGAGAATACAATGATGATGACTCAAACAACTAAAGCTAACCAAACAACGCCAATGTTCC
78057426_nt1741_rc_OperophteraBrumataCypovirus18	2.89e-05	3.05e-06	5.3256	3.96359	1.36093	78057426		CGTTTGTCTGCGATACATACTTTGAAAATAACTTCTTTGGGGTTGAACCAAATAGTGGGGCCAATCTTTG
450500_9_rc_FlockHouseVirus_Nodavirus	3.20e-05	3.46e-06	5.2885	3.84063	1.99251	450500		GTCAAGCGGATAGAAACGTGTCTCTATCGGGGTTTCGTTTTGTCAATGACAGCCCGTTGCAATGCGCGTG
3059216_nt0969_AnomalaCupreaEntomopoxvirusL_Entomopoxvirus	3.20e-05	3.50e-06	-5.2852	3.8297	-2.50026	3059216		TATTCTAATCGCGAACATTACAATCATAAGCATGATTACAATAGATATAGTAATTATTACGATCATAATA
15042589_nt1520_rc_EpinotiaAporemaGranulovirus_Granulovirus	3.46e-05	3.84e-06	5.2576	3.73848	1.87868	15042589		CCCGCACCACCATATCAACCAAACCCATGTAATTTTCCTTGGTTACCGTAGTTTCGTCTGCGACAACGCC
9632270_HeliverpaAermigeraStuntVirus_Tetravirus_4890_rc	3.97e-05	4.48e-06	5.2119	3.5875	1.25035	9632270		AGGTGGATTGTGAGCATCCCTTAGTTCTTGAGTAGCCTTTGGATGCGTCGGAGGAAAGCTTCGTCTTCTG
34610121_MacrobrachiumRosenbergiiNodavirus_Nodavirus_2041_rc	4.47e-05	5.18e-06	5.1683	3.44379	1.76294	34610121		TTCAAAGGCTTCTTGTGGTGAGAGGTCTGGTTTAGTCAGCCTAACTGCTGCGTATTGAGTGAAGTTATTT
195764991_DysaphisPlantagineaDensovirus_4722	4.47e-05	5.20e-06	5.1676	3.44152	2.30129	195764991		GGCCACGTAAGTCCTCCAGTATTCTTGGCACCGGCATATTCCTTATCGATTTTCTGCTGTGCTTGTTGCC
20451021_BlackQueenCellVirus_Dicistro_865	4.82e-05	5.69e-06	5.1406	3.35253	2.31958	20451021		GAAGTAGGTTAGATATGATTCAGGATGACATAGACAAAATGGTCGCACAAAGTGGCCCTGTTATGAGTCA
14993633_80_Cypovirus	5.20e-05	6.23e-06	5.1137	3.26431	1.90186	14993633		AGAGGGCACATATCCATCAGGACGAGCAGATACTTCAACGCATCACACGGTATTGCTTCAAGGTTTAGTG
21668317_20_SpodopteraFrugiperdaAscovirus1a	5.49e-05	6.67e-06	5.0933	3.1974	1.8242	21668317		TCACATCGGTGCCGTATCGATGCTTGTACATTGACTATCAAAGCGGTAAGGGCTCGTGGTACAATAACAT
195970377_PteromalusPuparumDicistrovirus_504_rc	5.64e-05	6.96e-06	5.0806	3.15573	1.40822	195970377		TGAGCATCATCTGTATGCATGGATCTCAACTTCAACCCGAGGGGGGCTGGTGCTGGTACGTCTTGATTTA
2795873_28_WiseanaSignataNucleopolyhedrovirus_Nucleopolyhedrovirus	5.68e-05	7.10e-06	5.0746	3.13599	1.20235	2795873		CGCCAAGAGGGGAGGCGGCTGCCCCATCATGAATCTCACTTGGAGTACACCAACTCTTTCGAGCACTTCA
71480055_DeformedWingVirus_Iflavirus_8726_rc	5.90e-05	7.48e-06	5.059	3.08505	1.73629	71480055		TTTATTCCCTTTTTCCTCATTAACTGTGTCGTTGATAATTGAATCTCAAGTTCGGGACGCATTCCACGCA
188543030_ChronicBeeParalysisVirus_2392_rc_UnclassifiedVirus	6.07e-05	7.80e-06	5.0465	3.04414	1.41113	188543030		TGATGTTTCTTGGATCCACGAACTTGGCGGTGGTCTCGTTCTTGACGAAGTTCTTTATCAAGGCGTACTT
2988413_NosemaApis_422_Fungi	6.10e-05	7.95e-06	5.0407	3.02513	3.80022	2988413		GAAGCAATATGAGGTGTACTGTATAGTTGGGAGAGAGATGAAATGTGACGACCCTGACTGGACGAACTGA
70994552_Aspergillus_Pan_1005_Fungi	6.49e-05	8.57e-06	5.0183	2.95189	1.54922	70994552		ATTCAGGTCGAGCACACCATCACCGAGGAAATCACCGGCATCGATATTGTCGCTGCTCAGATCCAAATCG
9631294_7080_rc_MelanoplusSanguinipesEntomopoxvirus_Entomopoxvirus	6.67e-05	8.93e-06	-5.0058	2.91113	-1.33066	9631294		TAAAGAAAAATTACTTAATTATGATATGATTAATAAAATTGATAATATATTCCATGAATATTATAATTTT
11932066_nt658_rc_TrichoplusiaNiAscovirus2b	7.13e-05	9.67e-06	4.9819	2.83313	1.29506	11932066		TAGTTGACACCGATCGATCTCTGTGAGCTATGTCGATAGATTGTAGAATTGTCTTACGACCGAGAGCGGT
86610702_ApisMellifera_csd25B_465	8.33e-05	1.14e-05	4.9316	2.66928	1.59269	86610702		GTATTTATATCTCATTTATAAAAAAAAGTTTTTTTACAATATTAAATTTCATTATTAGAATTTTCTACCA
188543030_ChronicBeeParalysisVirus_1512_UnclassifiedVirus	9.53e-05	1.33e-05	4.8871	2.52467	1.3972	188543030		CAATTTACACCTTGGGCGTTTAAGAGCATTACCATGCCAGCATACATTAAGCACCGACGCGCACGTCACA
54124704_VarroaGenus_Mite_1035_rc	9.58e-05	1.35e-05	-4.8819	2.50781	-2.6936	54124704		AAGTTTCAGCTTTGCAACCATACTTCCCCCATAACCCTACTTTGGTTTCCCGTGGCCTCCCACTTAGTCG
9800536_nt076_TrichoplusiaNiCypovirus15	9.70e-05	1.38e-05	4.8742	2.48289	1.54294	9800536		AGGCAAGTTATCAAAAGACCCTTTGACCCCGATAGTTACCTCACCGCTGACCTCCATCTTTATCTCAAGA
21668327_nt3462_rc_SpodopteraFrugiperdaAscovirus1a	1.03e-04	1.48e-05	4.8532	2.41498	1.25813	21668327		TATCTACACAAAGCGTTCGAAGGTTTCCGAGTGCGTGGCGAATTCTTCGAGCTGGACGAAGAGCTGATGC
10314009_AcuteBeeParalysisVirus_Dicistro_4844_rc	1.04e-04	1.52e-05	4.8454	2.3897	1.79004	10314009		TCCACTATCACATTTCTTAGGATGGCGGGTTTTGTCTTAATTTCTGAGATTTTTCCATATACCAGGGAAG
28395433_nt5146_rc_BlatellaGermanicaDensovirus_Densovirus	1.05e-04	1.56e-05	4.838	2.36593	1.52324	28395433		TGAAGTCAAGGTCGACGACTCCCCCCTCCAGCGGCAGCTGCGGCGGCCGGTGCAAGCTGTGGGCTTGGGG
HornetIflavirus_94	1.08e-04	1.62e-05	-4.827	2.33018	-1.48845	NA	--HornetIflavirus_94	ATCTATCAACTAAGGAATCCATATTTGAAACAACGTCAGAACTTGTATATGCTGGCCATCCTGCATTACG
70987017_nt0587_AchetaDomesticusVirus_Dicistro	1.08e-04	1.64e-05	4.8227	2.31637	1.57205	70987017		GTTCACTGCCGCCAGGGAGCATCTTCCCAAAACCCAAACCAACAAATGAGGGCGAGGGGGAATCCATTCT
20451021_336_rc_BlackQueenCellVirus_Dicistro	1.22e-04	1.88e-05	4.782	2.18522	1.45628	20451021		GGCTTACCGAATTAAGCAATAGATAAAGTGAGCCCTCCCTCTAAAGGAGCTCACAACAAATCGCTATCCT
15042589_nt1490_EpinotiaAporemaGranulovirus_Granulovirus	1.22e-04	1.90e-05	4.7789	2.17505	1.26868	15042589		GTCAAAAACTCGACGATGATCAAGAAACGAGGCGTTGTCGCAGACGAAACTACGGTAACCAAGGAAAATT
62822968_MourilyanVirus_BunyaLikeVirus_583_rc	1.42e-04	2.23e-05	4.7302	2.0187	1.84306	62822968		GTTTTGGACCTTTCGGTCCGGGGTGGTCGTTGTCATTAGCTGGTCTTAGTTTTCACAGAGGTCCTAATGA
9790313_SindbisVirus_Alphavirus_4345	1.44e-04	2.29e-05	4.7217	1.99154	1.78639	9790313		GAAATTGCTACAAAACGCCTACCATGCAGTGGCAGACTTAGTAAATGAACATAACATCAAGTCTGTCGCC
20260796_42_rc_PariacatoVirus_Nodavirus	1.45e-04	2.32e-05	4.7177	1.97848	1.65883	20260796		GAAGAGACTGCAACTGGAAACCGCATCTTGAGGTTGTGATAACACTCAAGAGCGAGAGGGTCGAAGGGTG
450500_99_FlockHouseVirus_Nodavirus	1.47e-04	2.38e-05	4.7094	1.95207	1.49743	450500		GAGAAGCCCTACTGGTTGACTTGTGACGGATCATGGCCACAGCATCCGCAAGACGCCCATTTGATGAAGC
116878304_nt0091_SpodopteraExiguaAscovirus5a	1.47e-04	2.41e-05	-4.7062	1.94162	-1.22364	116878304		TAGAGCGTTTCTAATGCGCAAATCCAGGTCGTCGACAACGGTTGGTGATGTAGTCACCGCTACACCGCTG
56693045_SolenopsisInvictaVirus1_Dicistro_3860_rc	1.50e-04	2.48e-05	4.698	1.91542	1.61252	56693045		GAGAAACGAAACTTCTTCCAGAGTTTTATAATCAGGCACTCCTTTTCCTACTTGCTTTGTTTCATCTGTA
42539121_nt136_NatadaNarariaGranulovirus_Granulovirus	1.52e-04	2.54e-05	4.6899	1.88954	1.43159	42539121		ACAGTAAAATTAATTGGAACCACGACGGACAAAAGTCTCAAATAGAATATTGGGTGAGTAAAAATTGGCG
148717937_BrevicoryneBrassicaeVirus_Iflavirus_8557	1.52e-04	2.60e-05	-4.6834	1.86861	-1.69004	148717937		TAAGTAGGTTAAGGCCCAAAAATGCGCATGACAAACGATGGCTTTTTAATTTTGATAAGAACGGACAAGT
51921552_PenaeidShrimpInfectiousMyonecrosisVirus_Totivirus_4905_rc	1.52e-04	2.60e-05	4.6828	1.86672	1.58137	51921552		AATGCAATTTGATATATCTGATTTATACTGTTGCTGTCGCTTGCATATCCATAACCTCTTGCTGACTCGG
21668319_nt1231_rc_HeliothisVirescensAscovirus3c	1.58e-04	2.72e-05	4.6691	1.82311	1.38566	21668319		ACAATACGAAACTTCCGATAAAATTAAGCAGCAATATCTCGAAGAATGTTTTCAGGAATCTATTCGGGAA
70994552_Aspergillus_Pan_2147_rc_Fungi	1.60e-04	2.79e-05	4.6616	1.79916	1.4787	70994552		CAGGTAATACTCGAGGTTGTACTTCTTCTTGGGGTTCAGCATGTCTCCGCTGTAGCAGATGGTGGCCTCG
122704919_TropilaelapsClareae_Mite_4	1.66e-04	2.93e-05	4.6466	1.75131	1.44971	122704919		GCAAAGTCCATTCACTCCGTCGGCGAGCGAGTGGTGCTCGAATGATGTTCTAACCCGCTCCTCTCCGCGG
510569_nt3046_rc_AdesAlbopictusDensovirus_Densovirus	1.76e-04	3.12e-05	4.627	1.68862	1.40664	510569		CTGTTTCTAGGTTGAAATTTTCCGGTTCTCTGTCTGCGTCTGCGATGAACATGTTTTGACTTGTTTCGAA
20451021_16_BlackQueenCellVirus_Dicistro	1.77e-04	3.17e-05	4.6225	1.67456	1.56992	20451021		GCGGGATGTGAAAGAACATGTTAGACATGTATTATGGTTTTTCCCAATACGCAGTCTTTGCTGTGCGTGT
51014188_BlackBeetleVirus_NodavirusBeetleVirus_1388	1.79e-04	3.25e-05	4.6146	1.64922	1.5467	51014188		AAACCAAGCGACAGAATCGCCAAAATAGCCGAAACGTTTGTTAAATTGATGAATGGGCCATTCAAAGATC
62822968_MourilyanVirus_BunyaLikeVirus_617_rc	1.90e-04	3.48e-05	4.5938	1.58329	1.38022	62822968		GATCCAGATAGAGCTCCTGGATGGTTATATTACGGTTTTGGACCTTTCGGTCCGGGGTGGTCGTTGTCAT
47087494_nt192_rc_AgrotisIpsilonNucleopolyhedrovirus_Nucleopolyhedrovirus	2.31e-04	4.26e-05	4.5316	1.38619	1.5474	47087494		GGTGTTGGCGCCGGTGAAGATGCCCAGGCCGACTTTGACATTCCAGTCGGTGCCGCTGCTCGGCTGCCGC
30793779_KashmirBeeVirus_Dicistro_8266_rc	2.42e-04	4.52e-05	4.5136	1.32924	1.17621	30793779		CTTATAGTTGTTATCGGATGGAGCTATTGTTCCGTTCAATTGTGTCTGATCTGGTCCTAAGTTATCTGCG
187903037_MuscaDomesticaSalivaryGlandHypertrophyVirus_Ascovirus_124141_rc	2.56e-04	4.82e-05	4.494	1.26752	2.00388	187903037		GCAGCACTGGAAGAATGGGCCGATGACGCTAAGAAAGAACCGAAGTTGTGTTCGATCGAGAGTCGTCTAA
510569_154_AedesAlbopictusDensovirus_Densovirus	2.67e-04	5.08e-05	4.4779	1.21668	1.33574	510569		CTAAGAGAAAGCCAACATTAGTTCGGGATCCCCGTGTGTCCCCTGTAATGTCCACCTCAAAGTATAAGCT
42539159_nt128_HarrisinaBrilliansGranulovirus_Granulovirus	2.83e-04	5.43e-05	-4.4571	1.15149	-1.38144	42539159		AAAAAAATAATATAATACCTGTCGAGGGTGAAAATTATTTATGTATATTTGGTACTCTTGTTAGTAACAA
2388672_nt7621_DrosophilaCVirus_Dicistro	2.87e-04	5.57e-05	4.4494	1.12729	1.09264	2388672		ACGGTTATTGGTGTGGATCAATAGTTTATACTTTTAAATTTGTTAAGACTCAATTTCATTCTGGACGTTT
22855185_DrosophilaXVirus_Birnavirus_6097_rc	2.98e-04	5.82e-05	4.4354	1.0832	1.22059	22855185		GGCATAAACTGTGATGTCATCTTCATTCAATTTGCTTACGTATGCTATCCGGTTGTATTCTAGGGAATTC
82698021_RosyAppleAphidVirus_4703	3.11e-04	6.12e-05	4.4199	1.03465	1.46952	82698021		CAACCATTGATAGACGAACTTTGTTCTGTTGTTGTCCCTAATGCCGATGTGCCATCCACCGCCGTTGTGG
3170010_nt1002_rc_DiataeaSaccharalisDensovirus_Densovirus	3.11e-04	6.20e-05	4.4162	1.02312	1.40017	3170010		AAATTCAAAAGTAGTAGATTTATTATATATCCATTTAAATTGCACCCACATAGTTTCATCTAACCAATCT
27311152_VarroaDestructor_Mite_8112_rc	3.58e-04	7.19e-05	4.3702	0.87938	1.65798	27311152		TATCTGTCATATAAGTATTGTTGTAGGTGGACTAATAAGAGGTAATTTTTGAGGTCAATCAGGAGCTTTA
14278994_nt0089_rc_AntheraeaPernyiNucleopolyhedrovirus_Nucleopolyhedrovirus	4.10e-04	8.31e-05	4.3251	0.73909	1.07752	14278994		TGCTTCTTGCGCTTGGCGTTCTTAATGACGGACCCTAAGTTTTTGTAATACTTGTTGTCGTACACATAGG
42357694_nt076_rc_HarrisinaBrilliansGranulovirus_Granulovirus	4.11e-04	8.45e-05	-4.3195	0.72192	-1.15283	42357694		TGTTCACTACGGGATTTACTTCACGATTTAATTGATTATCCCATAAAACAATTTTATCAATCTCTTCGGA
21668319_82_HeliothisVirescensAscovirus3c	4.11e-04	8.46e-05	4.3193	0.72111	0.87474	21668319		AGAACGATAAATGCGACAGTAACATTCAAGCGTCAGCTTGCAGCCTCTGTACGGAGCGAAGCAAGTGAGA
2795873_28_rc_WiseanaSignataNucleopolyhedrovirus_Nucleopolyhedrovirus	4.73e-04	9.83e-05	4.2724	0.57596	1.2107	2795873		TGAAGTGCTCGAAAGAGTTGGTGTACTCCAAGTGAGATTCATGATGGGGCAGCCGCCTCCCCTCTTGGCG
116326687_TrichoplusiaNiAscovirus2c_Ascovirus_172949_rc	5.26e-04	1.10e-04	4.2365	0.46549	1.22627	116326687		GAAACGCAGTCTCGATCATCTGAGTGTGGACGAGAAGGATATCGTGTTCAAGAGCGATTACGTGCCCAAC
Project01_Read8_91	5.76e-04	1.22e-04	4.2051	0.36908	1.10616	NA	--Project01_Read8_91	ACTCGCGCAGCGCGGACATCGGTCTTGGTTTACCGTTCAATATTGCGTCCTACGCCATCTTGCTACACGC
3687669_Wolbachia_Pan_2	6.00e-04	1.29e-04	4.1875	0.31494	1.38185	3687669		GGCTATAGCAAAAATGAACCACCCGATCTCATTTCGAACTCGGAAGTGAAACTTTTTAGCGCCGATGATA
9629935_392_rc_RhopalosiphumPadiVirus_Dicistro	6.00e-04	1.29e-04	4.187	0.31352	1.14723	9629935		CGCCTCGAAGGAACAAGGGGTGTATAACGCCAGCATTTTTATAGGGTCTTTAAACTCCAATTTTGGCGCG
187903037_MuscaDomesticaSalivaryGlandHypertrophyVirus_Ascovirus_122684	6.08e-04	1.32e-04	4.1802	0.29263	1.46056	187903037		GATGGGGGACAAAGGTGACGTCGACGAATACACACGTATCGAAGAGATCCGAGCACGTATTCTGGATAGA
207560084_AscophaeraApis_3_Fungi	6.17e-04	1.35e-04	4.173	0.27078	0.9399	207560084		AGTTCCCCCCTGGCTAGCGTCCGCCGAAGATAAACGAACTCCAGTCGAAGATTGAAGTCTGAAGAAAATT
28916367_nt826_DendrolimusPunctatusCypovirus1	6.68e-04	1.47e-04	4.1456	0.18697	1.19515	28916367		GTGATGAATTACGCGCCCGGTCTTCGGATAGGGTGACGCTCTACCTGCGCCAACAGGATATCGAAAAATT
9634994_IHHNV_Densovirus_3812	7.21e-04	1.60e-04	4.1185	0.1045	1.39381	9634994		TTATCATCTATACCTACCCTATATACATACCAGCTACCCAGGCAAGGTGGGACTCCGGCTACCCAGGCAT
10121211_222_AcuteBeeParalysisVirus_Dicistro	7.21e-04	1.61e-04	-4.1163	0.09786	-1.25685	10121211		CGAATAATTTTATGATGACGGATCAGAGAATGCATTAATTCGACATGTTTTGCTTATGGATGTATATAAC
109390609_PanNematode_814	7.50e-04	1.69e-04	4.1012	0.05215	1.07535	109390609		AACGTTCGTATACATATATTTGGCGAAACGTCACACCATGGCCCTGTCTTGTCTGCGTGCAGATGGGCAG
46277144_HirsutellaIllustris_Fungi_419	7.54e-04	1.71e-04	4.097	0.03933	1.45343	46277144		TTCGCGGCGGGGGACAAAGGCGCCGGGAACGTGGCTCCCCCGGGAGTGTTATAGCCCGGCGCGCAATGCC
195970377_PteromalusPuparumDicistrovirus_265	7.71e-04	1.77e-04	4.0875	0.01043	1.41889	195970377		TATTTATCCTTACCTCACAGGATCAGCTCAGGCAGCCCCGAAAAATCCAGTGTCCCTTGCTAGGCTTCGA
58013199_nt075009_rc_ChoristoneuraFumiferanaMNucleopolyhedrovirus_Nucleopolyhedrovirus	7.76e-04	1.79e-04	4.0831	-0.00285	1.62337	58013199		TTTTGAACTTGTGTGCGAAATGCTGTTTGGTGACGACAAGGATGTGTTGACGGCAGCATTGGCGAGGTGC
42480280_nt28443_NeodiprionLecontiiNucleopolyhedrovirus_Nucleopolyhedrovirus	8.02e-04	1.86e-04	-4.07	-0.04237	-1.92305	42480280		TTAATGCAATTGTTTCTTTTTCCGTGGTGTACATATTGGCTAGAAGATCTGTGATTTCTTGTTGCGGGGA
110762120_ApisMelliferaMyosin_2773	8.36e-04	1.96e-04	4.0546	-0.08898	1.36998	110762120		TCATGACGTTGCAGGAAAAGATCACTGAACTTACGAAGGAGAATCATGTATTGAAAAATCTTCAAAACGA
20451006_InfectiousFlacherieVirus_Iflavirus_4780_rc	8.47e-04	2.00e-04	-4.048	-0.10888	-1.27892	20451006		TTCGGTCTAACCTTTGTCGGATCCTTAAACACTCCATATCGCAAATGTTTGTTATTCCTCGTCATTTCCT
110761363_ApisMelliferaActin_1057_rc	8.51e-04	2.02e-04	4.044	-0.12073	1.19924	110761363		ACAGCTCGTTCATCAGGCATTGCTGTATTTCGCATATTGACCTGCTGAGCACCTTGGAACGCGTGGTAGT
13249660_53_NodamuraVirus_Nodavirus	8.71e-04	2.08e-04	4.0344	-0.14987	1.22334	13249660		TGGTATCTGACGAAAATATGATGCCTATGATCAAGCGCTGGGAGACGCTGTCGTTGTCGCTGGACCGCCG
70987017_nt0587_rc_AchetaDomesticusVirus_Dicistro	9.05e-04	2.18e-04	4.0196	-0.19437	1.35383	70987017		AGAATGGATTCCCCCTCGCCCTCATTTGTTGGTTTGGGTTTTGGGAAGATGCTCCCTGGCGGCAGTGAAC
58723_nt0601_BoolaraVirus_Nodavirus	9.34e-04	2.27e-04	4.0072	-0.23157	1.25886	58723		GTATCCGTTGGATACCACACCTGAGTCGTCCCAACTAGTGCACGCTATCACTGGTCTCGAAAGCGCACTT
9630378_223_DiatraeaeSaccharalisDensovirus_Densovirus	9.34e-04	2.28e-04	4.005	-0.23807	1.20055	9630378		CATAAATTATTTCAAGGTTTGTTTTCATGCTATCTCTTTCACTCATGTTGCTGTCTCTTTCTAACAGTTG
20451012_348_PlautiaStaliIntestineVirus_Dicistro	1.02e-03	2.50e-04	3.9757	-0.32594	0.977	20451012		CTGGGTTTTCTCTACTTATCACCTCCTCACTTGGACGGAGGCTCTTCCGGTTAACAGCTTCACTGTTGAT
30793779_KashmirBeeVirus_Dicistro_3390_rc	1.04e-03	2.59e-04	3.9644	-0.35969	1.17493	30793779		TGTCGTTTTGTAGCTTGTGGTTTCTTCTTTTCTCCACTGCAAAGCCATTTCCAAAATCCTACTACGGTAA
86610674_ApisMellifera_csd27A_142_rc	1.12e-03	2.79e-04	-3.9407	-0.43032	-0.84997	86610674		AAAATTTAATTAAAATCCAATTTTTAACAAATATGATAATCATATATTTCATATATTTCGTTTCATACTT
9632405_SacbroodVirus_Iflavirus_3156_rc	1.14e-03	2.88e-04	3.9304	-0.46094	1.6892	9632405		TTGGTTCCCTTCATCATAAACTCTTTCTACACTATCATCCATCTGAACTTGTACATGCTCGTCAGAGAAT
510569_128_AdesAlbopictusDensovirus_Densovirus	1.19e-03	3.01e-04	-3.9159	-0.50409	-1.41019	510569		ATATACAAGGGAAATCAACTTCCAGCAATTAACAAATAACTATATGTGGAGACCATTAGATATCGCAAAG
56417653_nt001_MonodonBaculovirus_Baculovirus	1.29e-03	3.31e-04	-3.8859	-0.59296	-1.40522	56417653		AATCCTAGGCGATCTTACCAAATACATTTCATACCATAACACGTACCATGAACAACTTATCAATAAAAGA
556172_66_GalleriaMellonellaDensovirus_Densovirus	1.46e-03	3.75e-04	-3.8446	-0.7147	-1.43879	556172		CGATGTCATTATCTTACGAGATATTCAGCTACGTATCAATGTCTGGACATCTTGCGTGAGTACGGAAGAA
54124704_VarroaGenus_Mite_589	1.60e-03	4.13e-04	3.8131	-0.80707	0.88351	54124704		GTCTAAAAAGCTCGTAGTTTGAAAACTTGCCTTGGCTTACACTAGTCCCTGTTGGGGCACCGTTTGTTGA
2829116_9_rc_PopilliaJaponicaIridescentVirus31_Iridovirus	1.64e-03	4.28e-04	3.8012	-0.84174	1.12247	2829116		CTGAGACGCCGCAGAATTGATGTTGTCGAGGATAGGAGCTGATCCCAATCTCTGAACTGGAAGTTGATTC
21321708_245_rc_CricketParalysisVirus_Dicistro	1.64e-03	4.30e-04	3.8003	-0.84442	0.85386	21321708		GAGAGGGCTTCCTGGATATTGTGGGGCTGCCACTAGGCATCCTGGAACGTAAAGCTAAATAGCTAACCTA
28395433_nt5146_BlatellaGermanicaDensovirus_Densovirus	1.70e-03	4.49e-04	3.786	-0.88641	1.11968	28395433		CCCCAAGCCCACAGCTTGCACCGGCCGCCGCAGCTGCCGCTGGAGGGGGGAGTCGTCGACCTTGACTTCA
34610121_MacrobrachiumRosenbergiiNodavirus_Nodavirus_1500	1.70e-03	4.52e-04	3.7834	-0.89378	0.83719	34610121		AAGATGCGCGTAAAGAACTTGATAAACCCACGCAAGTCAATGCGGTAAACCAAATTTGGGAAACAGTCGA
Project01_Read7_77_rc	1.72e-03	4.61e-04	3.777	-0.91262	0.95521	NA	--Project01_Read7_77_rc	GAAGGACTGTTGTTTAGCGGCAGCTTTGCCTCCATCTTCTGGTTGAAAAAGCGTGGACTTATGCACGGTC
18476472_YellowHeadVirus_Okavirus_5945	1.73e-03	4.65e-04	3.774	-0.92118	1.41924	18476472		CGGTAAAATCCTCACCAACATCCGTACCAAATTGGAAGTCCGCGAACGTGAACCCACTCTGATCGACACT
21518670_111_rc_ChoristoneuraFumiferanaGranulovirus_Granulovirus	1.73e-03	4.68e-04	3.772	-0.92704	1.34895	21518670		CCTAAGCTTTTGAGGTGGTGGTTGTCAATAACGCATGAGGTGCCGTCGTGACGACGTATCTTAATGCTTT
37730307_CrithidiaOncopelti_1_rc_Protist	1.77e-03	4.85e-04	3.7607	-0.95993	0.96366	37730307		ACATATATATATGTGCTCAACCTCCTGCTTCGCAATCACCAGAGAGGACTGTACCGCAGAGTAAACACGG
27435581_nt0016_MyzusPersicaeDensovirus_Densovirus	1.77e-03	4.86e-04	3.7597	-0.96294	0.85584	27435581		GAAGTAGGTAGTGGTTATTATTAGTAGGGGATCTTTTTATATAATAAAAAGATAGCAGGTATCCAGTAGG
976134_SigmaVirus_Rhabdovirus_2558	1.91e-03	5.29e-04	-3.7322	-1.04259	-1.01146	976134		TGTGTCTATCCCGCTATCAATAAATATAACAGACAGGATATTGCCAGTACAATTGAACACTACAATCTTG
29293088_ProvidenceVirus_Tetravirus_1979_rc	1.92e-03	5.35e-04	3.728	-1.05486	1.13724	29293088		AAGTTGTTTTCGAAGGTGTCTACAATGCCTCTTAGACCTAGTGCATTATTTTCCGGATCATATCCTGGGT
195970377_PteromalusPuparumDicistrovirus_504	2.08e-03	5.82e-04	3.7006	-1.1339	1.13297	195970377		TAAATCAAGACGTACCAGCACCAGCCCCCCTCGGGTTGAAGTTGAGATCCATGCATACAGATGATGCTCA
21668319_nt3837_rc_HeliothisVirescensAscovirus3c	2.11e-03	5.96e-04	3.6925	-1.15739	1.32987	21668319		TGGTAGTAGTCCTCTGCGAGTTTTCAGTATACGAACTCGTTGTTTTGCGCACAGTCTAGAACCACCAGAC
82698021_RosyAppleAphidVirus_4703_rc	2.11e-03	5.99e-04	3.6909	-1.16177	1.28986	82698021		CCACAACGGCGGTGGATGGCACATCGGCATTAGGGACAACAACAGAACAAAGTTCGTCTATCAATGGTTG
30793779_KashmirBeeVirus_Dicistro_8780_rc	2.14e-03	6.10e-04	3.6849	-1.17905	1.23546	30793779		TCTTGGTGTTTGCTGCCAAACTCCAGTTATCATTTATTGTTCGGAATGTGCGAAGTAAGGGTCTTAAATT
195970377_PteromalusPuparumDicistrovirus_2196	2.31e-03	6.62e-04	3.6577	-1.25736	0.79806	195970377		CACCGAAAGAAGCACAGTCCGGCGAGGCTTCAGTTGCAGGCTTAGCAATCACTAGACAACAAGCAATTGA
6646670_CloudyWingVirus_313	2.31e-03	6.67e-04	3.6549	-1.26536	1.22748	6646670		CAGAAAATGCTTTGATCCGTCATGTATTATTGGTGGATGTGTACAATTCTGTGCATATTTGTAATGACTC
148717937_BrevicoryneBrassicaeVirus_Iflavirus_2521	2.31e-03	6.71e-04	-3.653	-1.2706	-1.11473	148717937		TAAATCATTTAAGGTTAGTTAGTACAGGTCAAACCCCTCATCCTAATTTAGAGCATGATGAGCTCAAAAC
11932066_nt628_rc_TrichoplusiaNiAsocovirus2a	2.36e-03	6.91e-04	3.6435	-1.29797	1.24659	11932066		TGTCGATAGATTGTAGAATTGTCTTACGACCGAGAGCGGTAGTTGCCTTGGCCACGTTCTGGCATGGCAG
70994552_Aspergillus_Pan_2179_Fungi	2.38e-03	6.99e-04	3.6396	-1.30909	1.12617	70994552		TGAACCCCAAGAAGAAGTACAACCTCGAGTATTACCTGGCGTTGGTGGACAAGATTGTCAAGCTCAACCC
188543030_ChronicBeeParalysisVirus_2392_UnclassifiedVirus	2.51e-03	7.41e-04	3.6198	-1.36547	1.16555	188543030		AAGTACGCCTTGATAAAGAACTTCGTCAAGAACGAGACCACCGCCAAGTTCGTGGATCCAAGAAACATCA
30793779_KashmirBeeVirus_Dicistro_9023	2.80e-03	8.35e-04	3.5798	-1.47914	1.04543	30793779		TACACAGCCGACGAAATTAACACCGACGGACCATCTCATATTACATACCCAGTAATTAACCCAGTACATG
46242253_1086_rc_AgrotisSegetumGranulovirus_Granulovirus	2.80e-03	8.39e-04	3.5785	-1.48295	1.07445	46242253		AGAGTAATTGAAGAGAAAACGGAGTGAATTGGAACATTAAAGTTGGTCTCGGAACGTTTGTAGGAGCCAA
116326687_TrichoplusiaNiAscovirus2c_Ascovirus_173305	2.84e-03	8.54e-04	3.5725	-1.49984	1.16307	116326687		TAATCTTGCGGTCTTTCTCCACTATGGCAGTCTTCAGATGCTCAAGATCTTTCATCCACGGAGCCTCGGC
21668327_nt3582_SpodopteraFrugiperdaAscovirus1a	2.85e-03	8.62e-04	3.5693	-1.50873	1.07537	21668327		ACAGAAGATCGTATGCGCGCGACGTGTTCAGGTTGATCAGCCTGTTGTCGATGTTCGTGGTGCACTCCCA
11932066_nt613_rc_TrichoplusiaNiAscovirus2b	2.86e-03	8.72e-04	3.5652	-1.52037	1.18081	11932066		GAATTGTCTTACGACCGAGAGCGGTAGTTGCCTTGGCCACGTTCTGGCATGGCAGCTTACCGTTCACGGC
3757789_29_PlusiaOrichalceaNucleopolyhedrovirus_Nucleopolyhedrovirus	3.56e-03	1.09e-03	3.4896	-1.73271	0.9125	3757789		TGCTTCAAGTTCTTGCACAGCATGCTCTGCGTTGCGACCCTGACTACGTTCCTCATGAAGTCATCCGCAT
207560084_AscophaeraApis_5_rc_Fungi	3.59e-03	1.11e-03	3.4845	-1.74709	0.94172	207560084		ATCTTCGACTGGAGTTCGTTTATCTTCGGCGGACGCTAGCCAGGGGGGAACTAACCCCTCCGGCAGCAGG
62822968_MourilyanVirus_BunyaLikeVirus_617	3.59e-03	1.11e-03	3.483	-1.75122	1.01366	62822968		ATGACAACGACCACCCCGGACCGAAAGGTCCAAAACCGTAATATAACCATCCAGGAGCTCTATCTGGATC
154721378_HoneyBeeSlowParalysisVirus_Iflavirus_3597_rc	3.60e-03	1.12e-03	-3.4797	-1.76043	-1.10745	154721378		TAAATTCATCCTTAACTACATCCCTAATACTCTCTTTAGCACTCTCAATACCATATGTTGTCGCCCTCTG
14993641_65_rc_Cypovirus	3.70e-03	1.16e-03	3.4688	-1.79076	1.19014	14993641		GTCGTATGCAAAGATGGAAGAAGCCTATAGTATGTATCTCGTAAGAACAGCTGAACTACACCGCTTCGTT
109390609_PanNematode_3469_rc	3.83e-03	1.21e-03	3.4552	-1.82834	0.89359	109390609		ACATGTCGTAAACATGTGATTTTGCGCCCCGACATTGAACCAGAGTGTTCTGGCTTTGGCAACCAGCAGG
77025006_nt406_CulexRestuansCypovirus	4.15e-03	1.32e-03	3.4256	-1.91054	1.07047	77025006		GTCTATTGACATCCGCGGACCAACTGGACTATCTAGGCGCCAAACGGAAGAGTACTCTCTGGATCGTATC
9632405_SacbroodVirus_Iflavirus_1871_rc	4.33e-03	1.38e-03	3.4089	-1.95656	0.88662	9632405		AAATGGAACGTTTTTGTGTAAGTTGAGTGGGACTGACACTCATCCGTATTAGTAGATGATCGATTATACT
11342605_MelissococcusPluton_Bacteria_1541	4.34e-03	1.39e-03	3.4062	-1.96382	0.80292	11342605		TCCTTTCTAGGACGAATAACGGAAACACAGAGGTCAGTTTGCTTTGTTTAGTTTTGAGAGGTTTACTATG
6063472_SilkwormParvolikeVirus_Parvovirus_600	4.37e-03	1.41e-03	3.4021	-1.97522	1.28558	6063472		GCTGACGATCTCCTCTCTAGAATCAGGAAACGGAAAGCAGCAGATGAAGTCGAAGCTGGCTCAAGTGCAA
3510485_141_HeliothisArmigeraEntomopoxvirusL_Entomopoxvirus	4.47e-03	1.45e-03	3.3928	-2.00086	0.93178	3510485		ACTATATTATATCATAATACATTGTACTAAAGAATCCGCTAAACCGTTTCAAGATATATTTTATTTGATT
78057438_nt0886_rc_OperophteraBrumataCypovirus19	4.51e-03	1.48e-03	3.3855	-2.02075	1.2149	78057438		GACCAACATCGTTAATATGACTCTGGAGTGCCTTCGGTAGCTTTTCCCGTTTCTTCCGCTCCTCAACAAA
20451006_InfectiousFlacherieVirus_Iflavirus_7206_rc	4.51e-03	1.48e-03	3.3853	-2.02127	1.12059	20451006		TCTTACTATTAATAGTAAATGTTGTCTGCACTGGTTCTCCCTTCCCTATAGCAGATATTGCCGTAGACTT
11932066_nt628_TrichoplusiaNiAscovirus2b	4.51e-03	1.48e-03	3.384	-2.02496	1.2428	11932066		CTGCCATGCCAGAACGTGGCCAAGGCAACTACCGCTCTCGGTCGTAAGACAATTCTACAATCTATCGACA
78924360_nt2146_rc_HeliothisArmigeraCypovirus14	4.85e-03	1.61e-03	3.3568	-2.09914	1.2731	78924360		ACATATCTTGGATATCCAACGCATTACCCGCCTGCTTGCCTTGAGCAGCGTTTGAATTTAAGTTATAAAT
74055502_LaemSinghVirus_456_Luteovirus	5.00e-03	1.67e-03	-3.3438	-2.13481	-1.04261	74055502		TATCAGTTCTTCCTTGATAGTACAGCCAATATCAGGATCACGAAGTCCATTTAGATAGAGGATGACGTGA
95020642_BaculovirusPenaei_Baculovirus_516_rc	5.00e-03	1.67e-03	3.3427	-2.13759	1.23225	95020642		CTTTGTGCTTCTATCTAGCTGTTCAGCCATAGATGGTCTTACTCGCTCCTCAAATCCTGATGTTGGTGTG
86610792_ApisMellifera_csd29B_288_rc	5.19e-03	1.74e-03	3.3283	-2.17691	1.16087	86610792		ATTTGTAATTGTTCGATAAGGATGAAATTATTTTAGGTTCTTTAGATGTCTCTCGTTCCGTTCTATCTTG
73621242_KelpFlyVirus_10703_rc	5.21e-03	1.76e-03	3.3251	-2.18563	1.06949	73621242		CAAAGTCAATGAGTTTGTCGTTCGGCTTGACACTCGGATAGGTGACAGGAGCAATTGTAGCGCCTCTGCT
116878304_nt0318_SpodopteraExiguaAscovirus5a	5.24e-03	1.78e-03	3.3213	-2.19571	1.24975	116878304		CATCTGTAATGTCGGCACTCGAACCAGTCATGGGTGTGGTTCGCAAGGTGAAAGAAATGTTGGAAGATGT
71480055_DeformedWingVirus_Iflavirus_6329_rc	5.43e-03	1.85e-03	-3.3071	-2.23436	-0.93964	71480055		ACAGTCCAATGTGGTAGTTTTTCGGTTATGGAAATGGTTGGTAAAGCTTTCTTAACTGACGCACTAATTT
458356_17_rc_HeliothisArmigeraCypovirus8	5.47e-03	1.88e-03	3.3027	-2.24604	1.00343	458356		GGCGCGAACGGAAGCACCACCCTGGTCATCAGGCATCCAACGGCTACCGTCGGGACCGAAGAATCTCAGA
187903037_MuscaDomesticaSalivaryGlandHypertrophyVirus_Ascovirus_123278_rc	5.49e-03	1.89e-03	3.2995	-2.25477	1.24605	187903037		GAGGGTGGAAGTTTCGTATACGCGTCGTTCGGGCACAGTGAATATCTGAAAGTGTATGTTCATGGCTGGC
51921552_PenaeidShrimpInfectiousMyonecrosisVirus_Totivirus_5508_rc	5.80e-03	2.01e-03	3.2784	-2.31171	0.91828	51921552		AAATCATTCCAATTATCTCTATCTATACCATGTTCATTACCTTCAGCTGCGAGTGAGTTGACTTCTTCCA
109390609_PanNematode_814_rc	6.00e-03	2.09e-03	3.2647	-2.3483	1.0735	109390609		CTGCCCATCTGCACGCAGACAAGACAGGGCCATGGTGTGACGTTTCGCCAAATATATGTATACGAACGTT
148727234_SolenopsisInvictaVirus2_9904_rc_UnclassifiedVirus	6.22e-03	2.18e-03	3.2502	-2.38737	1.06293	148727234		GTAGTAAACATTCATGCACGTTACTGATCTAGTCTTTGGTGGTGTGGTTTCATCACCCAAAACCTTATTT
21668319_155_HeliothisVirescensAscovirus3c	6.29e-03	2.22e-03	-3.2444	-2.40269	-0.99915	21668319		TACTACCAGATTTGGTTGAATCTTCTTAGACGCTCGCAGGAAGGTACGAGCTGAAATGAAGAACGTTAGC
34610121_MacrobrachiumRosenbergiiNodavirus_Nodavirus_2148	6.35e-03	2.25e-03	3.2395	-2.41577	0.9205	34610121		ACAAGCAATATCAACTCAGATGGAATTACGTCGTCGAACAACTTGGTATGGAACTCAAGGTTGAACCCTT
9944523_6391_AmsactaMooreiEntomopoxvirusL_Entomopoxvirus	7.02e-03	2.50e-03	-3.2024	-2.51451	-0.974	9944523		ATATCCTGGATATGTCATATTATTCGCAAGAGCTATTAAAGTAATTAATGATTTATTATTAATTAACGAG
2829126_2_AnticarsiaGemmatalisIridescentVirus_Iridovirus	7.05e-03	2.52e-03	3.1993	-2.52271	1.18224	2829126		ATGGATATGATAATATGATTGGAAATGTTTCAGCATTAATTAATCCCGTTGCTCTGGTGCTGCTCTTGGT
13249663_10_rc_NodamuraVirus_Nodavirus	7.08e-03	2.54e-03	3.196	-2.53139	1.08379	13249663		GGTCAGACAATGTTTCTTCGGTAAAACGAGACCCTGAAATTTGTCTGGAATACCTTTGCCGGGATCGGTG
556172_nt5416_rc_GelleriaMellonellaDensovirus_Densovirus	7.13e-03	2.57e-03	3.1915	-2.54341	1.12443	556172		TATGTGTTCTATTTTTAGTCACTATGTCTTTCTTCAAAAATCAGTTGATACATCGCGCACGACCTGGTTA
3510485_nt0391_HeliothisArmigeraEntomopoxvirusL_Entomopoxvirus	7.14e-03	2.60e-03	3.1879	-2.5529	1.13959	3510485		CTTAATTCAATGTGTGGGTAGAATAATGAGAGATTATAACGAGGATAAACTTGTTTGTATATATAATTTT
58013199_nt074979_rc_ChoristoneuraFumiferanaMNucleopolyhedrovirus_Nucleopolyhedrovirus	7.14e-03	2.60e-03	3.1878	-2.55323	1.07489	58013199		TGACGACAAGGATGTGTTGACGGCAGCATTGGCGAGGTGCGAACCCTTTGTGACGCGCACGTTTCAATTT
24078524_SpawnerIsolatedMortalityVirus_62	7.21e-03	2.64e-03	-3.1827	-2.56662	-0.83214	24078524		GAATCCCGTTTAGCAATCACAAACAGGACACAAACTACTGATTTTTCAGTGTTCAAAGCCCTTCTAAAGT
86610776_ApisMellifera_csdAW26B_141_rc	7.28e-03	2.68e-03	-3.1776	-2.58002	-0.77772	86610776		ATATTTAATTAAAATTCAATTTTTAACAAATATGAATATGATATATTTCATATATTTCGTTTCATACTTT
9957152_4_rc_TrichoplusiaNiCypovirus15	7.84e-03	2.90e-03	3.1492	-2.65474	1.19938	9957152		TTCTTGAGATAAAGATGGAGGTCAGCGGTGAGGTAACTATCGGGGTCAAAGGGTCTTTTGATAACTGCCT
510569_nt3871_AedesAlbopictusDensovirus_Densovirus	8.32e-03	3.09e-03	3.1263	-2.71488	0.77648	510569		ATCCTAAGAGAAAGCCAACATTAGTTCGGGATCCCCGTGTGTCCCCTGTTAATGTCCACCTCAAAGTATA
11931721_nt2023_rc_DiadromusPulchellusAscovirus4a	8.49e-03	3.18e-03	3.1157	-2.74239	1.09109	11931721		TGTACCTGAAGGAGACGGCTGTAGTCAAGAGCACGAAGACGACGTGGACGTGTACCTGAAGGAGACGGCT
14780876_TauraSyndromeVirus_Dicistro_2819	8.49e-03	3.18e-03	3.1156	-2.74259	0.76704	14780876		GCCCAAAAGCCAAATCCTGAGTTATTCGAATTTATTAGGTTGAACAACAGTGATCCATATCAAGTACATA
195764991_DysaphisPlantagineaDensovirus_4439	9.18e-03	3.48e-03	3.0841	-2.82446	0.86971	195764991		ATCACCGGTGATTGCTTCGTCCGTACGCTCCGCAATGTTCTTTGCAACTAAACCTACTATGGTAGCAGCG
34610121_MacrobrachiumRosenbergiiNodavirus_Nodavirus_2148_rc	9.18e-03	3.49e-03	3.083	-2.82733	0.75669	34610121		AAGGGTTCAACCTTGAGTTCCATACCAAGTTGTTCGACGACGTAATTCCATCTGAGTTGATATTGCTTGT
9627742_1682_AutographaCalifornicaNucleopolyhedrovirus_Nucleopolyhedrovirus	9.18e-03	3.49e-03	3.0827	-2.82808	0.82736	9627742		GTTGGGCAAACATGCGTTGCGGCAAAGGAAAAACTTTTTGCCCGCCACGGTCATTTCGCCGTGAAAAAAA
1563726_21_LacanobiaOleraceaGranulovirus_Granulovirus	9.59e-03	3.66e-03	-3.065	-2.87375	-0.99854	1563726		CCACTCCTGCGTACAGTCACCAATCTGTTTTTTCGGCTTACATCGATAAGCTACTTGGGCCGGACACAAC
458356_30_rc_HeliothisArmigeraCypovirus8	9.59e-03	3.68e-03	3.0634	-2.87799	0.82788	458356		AAACGACCTCAAACGGTGTACCCATAGCTGTTCTGGTAAACCAGTTCGCGCGGTTGGAAGAAGTTCTCTA
56693045_SolenopsisInvictaVirus1_Dicistro_4900_rc	9.80e-03	3.78e-03	3.0538	-2.90253	0.84483	56693045		TATGCTGTCACTCCAGCTCTACTATTATATTGCTGGCGTCTTGCCTTATCTACTTTATGTTCATATGGGG
9634944_134_rc_InfectiousHypodermalAndHematopoieticNecrosisVirus_Densovirus	9.96e-03	3.88e-03	-3.0447	-2.92605	-2.02809	9634944		ATTGTATAGGCTTTTCTGTCACCGGTTCGCATTTGTTCCATGAATCCAAATTGTTGGATTGGGTCTTCAT
30421095_20_DendrolimusPunctatusCypovirus1	9.96e-03	3.88e-03	3.0446	-2.92621	1.05115	30421095		GACGAGGCAGAGAAAAAGGACGTTGAGGCACGCATGAATTGGAGTGAGGATATTGTTGAACTGCCTAAGC
68348795_nt736_HeliothisAssultaCypovirus14	1.01e-02	3.96e-03	3.0365	-2.94686	0.90633	68348795		TGTTACCGCTGACAACGTAATGATTGCGCCATGCGTACGCGAAATCCGTCATCACGCACATTATTAACCG
78057442_nt0346_rc_OperophteraBrumataCypovirus19	1.03e-02	4.04e-03	3.0299	-2.96388	1.16389	78057442		TATCGTTTTGATTACTCGGACATGATCACGGTTCAGAACGCTGCTAGTAGTTCTCATCATCTGGAATCTG
15042158_5119_rc_InvertebrateIridescentVirus6_Iridovirus	1.03e-02	4.07e-03	3.0267	-2.9721	1.17721	15042158		TCTTCCTGAAGCTGACTTGAATTTGCCATTACCTTTCTTCTTTCACGCGATTCTGGAGTTGCTCTTCCTA
510569_nt3871_rc_AedesAlbopictusDensovirus_Densovirus	1.14e-02	4.50e-03	2.9899	-3.06577	0.69574	510569		TATACTTTGAGGTGGACATTAACAGGGGACACACGGGGATCCCGAACTAATGTTGGCTTTCTCTTAGGAT
510569_nt3031_rc_AdesAlbopictusDensovirus_Densovirus	1.17e-02	4.65e-03	2.978	-3.09577	1.03149	510569		AATTTTCCGGTTCTCTGTCTGCGTCTGCGATGAACATGTTTTGACTTGTTTCGAAGTCCCAAGTTGTTTG
11932039_232_rc_SpodopteraFrugiperdaAscovirus1a	1.19e-02	4.75e-03	2.9702	-3.11569	1.20094	11932039		TAGCGACACGTCGATTCCGCGTAACGATCGTCCATTATTTTTTGAATGATCCTCGGGCCTTGAATGGGCT
187903037_MuscaDomesticaSalivaryGlandHypertrophyVirus_Ascovirus_124012_rc	1.19e-02	4.76e-03	2.9691	-3.11826	0.93251	187903037		GAACGATTCACATTTCCCAGTCACTATTACATGACGATCGACGACAAGATATGGCACCCGGGCTATGGCG
2668619_AcyrthosiphonPisumVirus_8591_rc	1.20e-02	4.83e-03	2.9644	-3.13032	0.8953	2668619		AGGCTTCTGGGGTAAAAATCCATTCCGCTTTCGATCCAGTAAATGTTGTATGAGCCACACAAGTCGCAGG
52631962_nt7560_rc_SolenopsisInvictaVirus1_Dicistro	1.20e-02	4.87e-03	2.9612	-3.13824	0.59293	52631962		ACCTTTAATTAATTCTACTTCGCCTGAAATTGGGATTTTCCTATATTGAGAATAATATGGGATCATAATT
30526317_nt2386_KashmirBeeVirus_Dicistro	1.23e-02	4.99e-03	2.9519	-3.16168	0.5562	30526317		AGAATATCTACATGAGAAATGTAGAACAGGAATTTTGGGATAATTATCAAGGACAAAATATCGTAGTTTA
34610126_EctropisObliquaIflavirus_Iflavirus_5942_rc	1.33e-02	5.43e-03	2.9206	-3.23995	0.74515	34610126		TATTTTCCTTGGTTCATTGGAAGTGGCCGCCTTCATAATAGCTTGATTCGTGCAATCGCAATTTGGATCT
56121875_VarroaDesctructorVirus1_Iflavirus_1411_rc	1.33e-02	5.44e-03	2.9199	-3.24172	0.96191	56121875		CACCCGCGTCTTTTCCTACCTCAATCTTAAGGGATTCTAAAGGGGAATATCTATTACTGATTGAAATGGG
20451021_BlackQueenCellVirus_Dicistro_3034_rc	1.38e-02	5.68e-03	2.9038	-3.282	0.9272	20451021		TTATACCCTTCAACATTGATCTTTCTGTTGACTTTAGATTCATATGCCTCGGGAACGCCATTACTTCCCT
151564502_AchromobacterXylosoxidans_Bacteria_972_rc	1.43e-02	5.90e-03	2.8897	-3.31694	0.77723	151564502		TGCAGCACCGTGTTTCCGGTTCTCTTGCGAGCACTTCCAAATCTCTTCGGAATTCCAGACATGTCAAGGG
450500_9_FlockHouseVirus_Nodavirus	1.44e-02	5.98e-03	2.885	-3.32855	0.85766	450500		CACGCGCATTGCAACGGGCTGTCATTGACAAAACGAAACCCCGATAGAGACACGTTTCTATCCGCTTGAC
148727234_SolenopsisInvictaVirus2_9624_rc_UnclassifiedVirus	1.48e-02	6.16e-03	2.8735	-3.35697	0.97237	148727234		TTCATGGGATTACTTCCATCCTCTCGAGTGCCCGTAATTGCTTCTTCTATTGTCAGTGCAGCAAAATTCT
18158481_nt0001_PlanococcusCitriDensovirus_Densovirus	1.58e-02	6.63e-03	2.846	-3.42464	0.88197	18158481		GGTACCTATACGCGAGTGGTCGTTGACGTTGTGGTTGTTTTACGAAGTAAAATATATAGCTATCAAGTAC
8895506_nt0766_CricketParalysisVirus_Dicistro	1.63e-02	6.84e-03	2.8343	-3.45328	0.70091	8895506		CTTGCTGCTCAAGAACTAATAGCAGCACAATTTGAAGGAAATCTTGATGGTTTCTTTTGCACTTTTTATG
84316420_nt8713_HomalodiscaCoagulataVirus1_Dicistro	1.63e-02	6.90e-03	2.8313	-3.46067	0.7994	84316420		CTTACCCAATTCGACACCAATCTCATAGAACCGCTGACCCGAGAAACAGGTCCCGGGCGCCTCTGTGAGA
20260796_42_PariacatoVirus_Nodavirus	1.63e-02	6.91e-03	2.8306	-3.46235	1.00664	20260796		CACCCTTCGACCCTCTCGCTCTTGAGTGTTATCACAACCTCAAGATGCGGTTTCCAGTTGCAGTCTCTTC
450500_nt0181_rc_FlockHouseVirus_Nodavirus	1.64e-02	6.97e-03	2.8272	-3.47065	0.97225	450500		CTATCGGGGTCTTCGTTTTGTCAATGACAGCCCGTTGCAATGCGCGTGTAACTCGGTTCCCTCCACTCTG
56693045_SolenopsisInvictaVirus1_Dicistro_5730	1.67e-02	7.15e-03	-2.8176	-3.49401	-0.83623	56693045		TTGAAAGAGTTTAACCATCATACAGCAAGAAAGGAAATGGTGTCAATGATGCATCTGGGCTACCAATATT
30793779_KashmirBeeVirus_Dicistro_7371_rc	1.76e-02	7.56e-03	2.7967	-3.54471	1.34803	30793779		GAATTCTGAACTATGCGGGTTAGAGTTTGTCCGGTTGGAAGATTTGGATTCAATCTATATGTGGGGATAA
29293088_ProvidenceVirus_Tetravirus_1997	1.84e-02	7.94e-03	2.778	-3.58989	0.83746	29293088		AAAATAATGCACTAGGTCTAAGAGGCATTGTAGACACCTTCGAAAACAACTTCAGTAGCGCAGTGGTCCA
168804017_GlossinaPallidipesSalivaryGlandHypertrophyVirus_Ascovirus_164825_rc	1.85e-02	7.99e-03	2.7752	-3.59666	0.66496	168804017		AGTTGATCGACCGCAGCTGCAGTTGATGCGAAGCCAGCGGAGATGGAAATACATTGATCCATATCGAGTC
154721378_HoneyBeeSlowParalysisVirus_Iflavirus_2405_rc	1.85e-02	8.04e-03	2.7733	-3.60133	0.65823	154721378		AAACCATTCAGTACCATTTATTTTATCTAACTTAGTTTTGAACTTAATAGTGTCGCCTACTACGATCCAG
48697148_DendrolimusPunctatusTetravirus_Tetravirus_5840	1.93e-02	8.43e-03	2.7548	-3.64563	0.79187	48697148		AGCAAGAAGGTTGGGAACTTTTAGAATGGACAGTAACACAGCCACCGGCAAAAGACGATCTCGCAATGTG
9630378_231_rc_DiatraeaeSaccharalisDensovirus_Densovirus	1.93e-02	8.47e-03	2.7533	-3.64934	0.53417	9630378		ACCTTTGACCTTCTATTTGACCTTGACCTACTTCTGTGACCTTCTGGTCTACTGACCTTTGACCTTCTAT
18476472_YellowHeadVirus_Okavirus_7151_rc	1.95e-02	8.59e-03	2.7477	-3.66255	0.93622	18476472		AAGTGGGAATGGAAGGCTTTCCCGTGGTCCGTTGTAAGCGCCATATGGAGAGAAGTAGATGAATCGACTG
52631962_nt4942_SolenopsisInvictaVirus1_Dicistro	1.98e-02	8.77e-03	2.7399	-3.68134	0.84595	52631962		TATAATAGTAGAGCTGGAGTGACAGCATATCCTGGAATAGAAATGGATGTTCAAATCAATGATTCAGCAG
9634994_IHHNV_Densovirus_1651_rc	2.03e-02	9.00e-03	2.7299	-3.70513	0.91768	9634994		ATTTCTAACAAGTACCGTAGTCGCTTCAGCTTCGGCTCTGGCAGCAAAGGTAACTCCCAAATAGGCGAGG
9634994_IHHNV_Densovirus_3402_rc	2.04e-02	9.07e-03	2.7267	-3.71279	0.67752	9634994		GACCACCCCATTTTGGGATGAAGGTGGGTCCGGTTGTTGGTATTTCTCCGCCATACCAATTTCTAGTGTC
3687669_Wolbachia_Pan_2_rc	2.08e-02	9.30e-03	2.7171	-3.73564	1.12678	3687669		TATCATCGGCGCTAAAAAGTTTCACTTCCGAGTTCGAAATGAGATCGGGTGGTTCATTTTTGCTATAGCC
52631962_nt5527_rc_SolenopsisInvictaVirus1_Dicistro	2.20e-02	9.90e-03	2.693	-3.79244	0.75503	52631962		TATCTGGTGTGTCTTCACTCATAAGATCCGTCTCGTCCAGGGCCTCATATGTATCAAACATCCTCTTTAG
14993610_87_rc_Cypovirus14	2.24e-02	1.01e-02	2.6861	-3.80889	0.72033	14993610		ATATAGCATATCTTGGATATCCAACGCATTACCCGCTTGTTTGCCTTGAGCAGCGTTTGAATTTAAGTTA
Project01_Read7_67	2.25e-02	1.02e-02	2.6821	-3.81818	0.69475	NA	--Project01_Read7_67	CTAAAGGTCAGACCGTGCATAAGTCCACGCTTTTTCAACCAGAAGATGGAGGCAAAGCTGCCGCTAAACA
458356_19_HeliothisArmigeraCypovirus8	2.38e-02	1.08e-02	2.6586	-3.87316	1.00764	458356		GTGGTGCTTCCGTTCGCGCCGGATATTAAACGCAGCTGAAGACATCATTAACTCGAAGATGCAGCCATTG
11038431_118_OrgyiaPseduotsugataMNucleopolyhedrovirus_Nucleopolyhedrovirus	2.43e-02	1.11e-02	2.649	-3.89556	0.83959	11038431		TACTTCTTGGTCGTTGACGATGGGGAAGCTGTCTTCCACGAAGCGCGTCCAGGTTTCACGTAAAAACTCC
209745_nt3652_rc_AedesAegyptiDensovirus_Densovirus	2.46e-02	1.13e-02	-2.6419	-3.91215	-0.72709	209745		ATATATATTAATTTGACTTATATGTTTTTTGAATGCTTTATTGATTATATATGTGTTATAGTTGATACAA
12597485_1818_rc_HelicoverpaArmigeraNucleopolyhedrovirus_Nucleopolyhedrovirus	2.48e-02	1.14e-02	2.6381	-3.92098	0.74725	12597485		TATATTTGCTGCGACACAAACGATAAACGGTTCTTGTCGAAACAAATGAAATTGTAACGCGGATCTCCGT
10442717_nt016_rc_PorcellioScaberIridescentVirus31_Iridovirus	2.49e-02	1.15e-02	2.6354	-3.92716	0.70794	10442717		CTGGTGGAGGCTGAGGTTGGATAAGAGCCGAAATGTTACCAATCATGTTGTCATATCCTACCGCCTTGGA
4098251_nt0166_ChoristoneuraFumiferanaEntomopoxvirusL_Entomopoxvirus	2.64e-02	1.22e-02	-2.6098	-3.98645	-1.00117	4098251		TACCTAAGTTATAAAAAATAATATTATTTTCAAAAATTTGTATTTGATATTATAACTTATAATACCAATA
9964314_792_rc_AmsactaMooreiEntomopoxvirusL_Entomopoxvirus	2.70e-02	1.25e-02	2.6001	-4.00887	0.73226	9964314		GATAAAATATATCTATTAATTTTTCGCATCAATTCTGTTGTTTTGCCAGAAAACATAGGACCAATTATTA
9626209_108_rc_BlackBeetleVirus_Nodavirus	2.76e-02	1.29e-02	2.5905	-4.03091	0.8635	9626209		TGCTTGGCATCGTTTAACATTGGTAACGATTCGTCCACGGAGTTCGGCGCAACGCCGCTTCATCAAACGT
12597485_1818_HelicoverpaArmigeraNucleopolyhedrovirus_Nucleopolyhedrovirus	2.77e-02	1.30e-02	2.5865	-4.04004	0.9464	12597485		ACGGAGATCCGCGTTACAATTTCATTTGTTTCGACAAGAACCGTTTATCGTTTGTGTCGCAGCAAATATA
17158105_WhiteSpotSyndromeVirus_Nimavirus_264607	2.92e-02	1.38e-02	2.563	-4.09346	0.81142	17158105		GCTCCAGGAAGACCACCCAGATGGAACACAGATATTCCTCCTCCAGCATAACTGACAGAAATCGAGTTGC
46560623_PaenibacillusLarvae_Bacteria_147	2.92e-02	1.38e-02	2.5629	-4.09381	0.9914	46560623		CTTGCGGAAACGTGAGCTAATACCGGATAGCTGGTTTCTTCGCATGAAGAAGTCATGAAAGACGGGGCAA
15741225_PerinaNudaVirus_Iflavirus_5924_rc	3.00e-02	1.42e-02	-2.5504	-4.12209	-0.94269	15741225		CCGTCTCCTCAAATATCGATCTCTTGTCATAATCCATGGTTGTTGCTAAATTTTTAACTGCTTTATCAGA
34610126_EctropisObliquaIflavirus_Iflavirus_5942	3.02e-02	1.43e-02	2.5471	-4.12971	0.90328	34610126		AGATCCAAATTGCGATTGCACGAATCAAGCTATTATGAAGGCGGCCACTTCCAATGAACCAAGGAAAATA
603872_DiadromusPulchellusIdnoreovirus_Idnoreovirus_1835_rc	3.35e-02	1.60e-02	2.5028	-4.2293	0.86372	603872		TATTGCATTTACTTCTGCGTTTGTCATTTCCACTCCAGTGTCAATTTCAACAATGTTCACATTCGACTCA
122704869_TropilaelapsMercedesae_Mite_3_rc	3.60e-02	1.72e-02	2.473	-4.29556	0.70989	122704869		ACCTGCAGGGTCGAAAAATGAGGTATTGAGATTACGATCTGTTAGAAGTATGGTAATAGCTGCTGCTAAG
11932175_nt136_IridescentVirus31_Iridovirus	3.60e-02	1.73e-02	2.4713	-4.29915	0.7862	11932175		AAAAAAGAATTAACAGTCAAAATAGACGAATTGAAAAGAAAGATTAAGGATGAAAAGGACAGGGGTAGGA
11931721_nt2053_rc_DiadromusPulchellusAscovirus4a	3.67e-02	1.77e-02	2.462	-4.3197	0.86999	11931721		GGGCCTTCTTCGACGAAGACGACGTGGACGTGTACCTGAAGGAGACGGCTGTAGTCAAGAGCACGAAGAC
14719207_nt1831_rc_LymantriaDisparCypovirus14	3.77e-02	1.83e-02	2.4492	-4.34799	0.59804	14719207		GGTGCGGACGCATTTGCACGTCCGTTCATTGATAACGATTTCATTGGAATTGGACGTTCCACATTTTCAT
20451028_348_TriatomaVirus_Dicistro	3.87e-02	1.88e-02	2.4367	-4.37541	0.64214	20451028		AAATTTTTATCTATCTTCGACTTCAGAGTCCACTACTTAGAGGCTAGTGGTTGTTCGTACATTGGGTCAA
21321708_252_rc_CricketParalysisVirus_Dicistro	3.87e-02	1.89e-02	2.4352	-4.37873	0.73505	21321708		ATCAGGGAGCGCAGTAGTACTAGGGGTAATTCCTTCGCTAACAAAATGTACAATTTCTTTCTGTTCGGAC
15042589_nt1490_rc_EpinotiaAporemaGranulovirus_Granulovirus	3.88e-02	1.90e-02	2.4326	-4.38441	0.79394	15042589		AATTTTCCTTGGTTACCGTAGTTTCGTCTGCGACAACGCCTCGTTTCTTGATCATCGTCGAGTTTTTGAC
510569_nt3016_rc_AdesAlbopictusDensovirus_Densovirus	3.88e-02	1.91e-02	2.4316	-4.38651	0.7677	510569		TGTCTGCGTCTGCGATGAACATGTTTTGACTTGTTTCGAAGTCCCAAGTTGTTTGATTTGTTGTTCCCGT
154721378_HoneyBeeSlowParalysisVirus_Iflavirus_8766	3.92e-02	1.93e-02	2.4256	-4.39965	0.7401	154721378		TACCAGGAGTGTACTAACTGGTGTCATAAACAGAATGACGAGATAGAAGCCACAGTAGAAGTATTACGCG
14780876_TauraSyndromeVirus_Dicistro_2819_rc	4.10e-02	2.03e-02	2.4055	-4.44337	0.76063	14780876		TATGTACTTGATATGGATCACTGTTGTTCAACCTAATAAATTCGAATAACTCAGGATTTGGCTTTTGGGC
78057434_nt0721_rc_OperophteraBrumataCypovirus18	4.10e-02	2.03e-02	2.4045	-4.44542	0.65901	78057434		CATATTTGGGCCGTTGGTCTTATAATTCTCAAAATCGATCGGTCGGTACGCTGCTCCTTCACAGATAATG
9633605_207_rc_PeriplanetaFuliginosaDensovirus_Densovirus	4.17e-02	2.08e-02	2.3956	-4.46473	0.73652	9633605		AACACCAGGGGTGTACAAGACATCATCGAGAGCATCAGGGGTGTACAAAGGATCATCAAAAGCATCAGGG
71480055_DeformedWingVirus_Iflavirus_8274	4.35e-02	2.17e-02	-2.3771	-4.50451	-0.83857	71480055		TAAGTTTAATGCCGTGACGATAGGAAAATTCTTTTCACAATATAAGATGGAATTTACGGATCAGGATAAA
2911298_nt06151_RhopalosiphumPadiVirus_Dicistro	4.48e-02	2.25e-02	2.3628	-4.53518	0.52713	2911298		ACACGTGCTATGAGTGATTATCTGGACATGGTAATGACTGATGAAGCAAAAACCGGTGAATGTGTTAAAT
9632270_HeliverpaAermigeraStuntVirus_Tetravirus_5119_rc	4.56e-02	2.29e-02	2.3546	-4.55274	0.53542	9632270		CCACCTTGTTTACGAACAAGGAAACTAATTTTGTTCCTTCATGCGCTCTTGCTGATCTTTACATCGGGAA
2407298_nt526_rc_HeliothisArmigeraEntomopoxvirusL_Entomopoxvirus	4.90e-02	2.48e-02	2.3223	-4.62123	0.66921	2407298		AATTTAAAATCTCCGAATAATCCATAATGAAACGAGTCCTTTATTTGTTCGTAACATATATCGTTGAGAG
51014188_BlackBeetleVirus_NodavirusBeetleVirus_1347_rc	5.00e-02	2.54e-02	-2.3123	-4.64217	-0.66507	51014188		GCTATTTTGGCGATTCTGTCGCTTGGTTTCTTATCATTGGCGACAAAAGTCACTCTACGTTCAATTGATT
51921552_PenaeidShrimpInfectiousMyonecrosisVirus_Totivirus_4511	5.00e-02	2.55e-02	2.3107	-4.64545	0.78565	51921552		ACCAACAGGATCATATATTAAGCAGAGAGCAATGCCTATCAATGCAAATGCGGTACGACCAACTGAAACA
148727234_SolenopsisInvictaVirus2_3204_UnclassifiedVirus	5.21e-02	2.66e-02	2.292	-4.68476	0.71386	148727234		ATCTATAACCAGTTTAAGTATCAACCGGCAATCCAGCGTCAGGATCACTCATATAAAGCATCTATGATGA
24431318_nt0151_rc_AphidLethalParalysisVirus_Dicistro	5.26e-02	2.69e-02	2.2867	-4.69573	0.53841	24431318		ACGTCGGGAGCTAGACGGGCTTAATGCTACGTTTATATCACGTCGGGAGCTAGACGGGCTTAATGCTGAG
23307788_nt1066_DendrolimusPunctatusCypovirus1	5.27e-02	2.71e-02	2.2847	-4.69989	0.71542	23307788		TACGTATATATTTACCACCGCGCACATCACCGCGAATTATATTTCCAACACAGGACAAGGTCGTATTAAA
9634944_47_InfectiousHypodermalAndHematopoieticNecrosisVirus_Densovirus	5.27e-02	2.72e-02	2.2826	-4.70419	0.61028	9634944		TGGAAGTGTTGGAAACAGTAATGACAGGGGTAAAAAGAGACAGAGAGGAATTACTTACATCAGTGACACA
18476472_YellowHeadVirus_Okavirus_7472_rc	5.27e-02	2.73e-02	2.2816	-4.70641	0.79664	18476472		GAGAGTAGTGTCAGTGGCTTTGAAAGGACGATCCTCATAACCGGGAAGCAGGAGCTCACCGTTTGTAAGA
17158105_WhiteSpotSyndromeVirus_Nimavirus_300500	5.34e-02	2.78e-02	-2.2741	-4.72194	-0.80455	17158105		ATGGCGTACATTGACCAAGGGGCGTTTGGAGCCAAATCTGTGATGCAGCAACAATACCTTCTTCCACCCT
17158105_WhiteSpotSyndromeVirus_Nimavirus_250959	5.51e-02	2.87e-02	2.2595	-4.75212	0.70704	17158105		CCGCCCTAATGAAAGGAGGAAAGGGGGTGGGTGTGAGGGATTTTGGTTCACCTTCAAAAACAAGTCTCCA
30793779_KashmirBeeVirus_Dicistro_2759_rc	5.63e-02	2.95e-02	2.2486	-4.77449	0.62191	30793779		TCACTAAGTCAACCAAATATGGTTTCGTTGAGTGAATATCTCCTGTCAACTTCTGCACCTTTTCACGATC
56121875_VarroaDesctructorVirus1_Iflavirus_6259	5.66e-02	2.97e-02	2.2453	-4.78127	0.52429	56121875		AAAGAGCGAACCCTCTGGGCTGATTTACAACGTGTTGGCTCAGAGATTAGTACTTCAGTTAAGAAAGCAT
15741225_PerinaNudaVirus_Iflavirus_885_rc	5.68e-02	2.99e-02	2.2422	-4.78767	0.59341	15741225		AAACCACGTTCTACCGTAAGGTATTGCACTATTCTTGCTTGGTGATTGTGGTTGAATCCGTAGGTTACAT
76577723_CrithidiaFasciculata_2_rc_Protist	5.79e-02	3.06e-02	2.2326	-4.80737	0.69063	76577723		CAAATTAAGAGAAAGGTATGTCAAGCGGCAAATAAAAAAGTTTTGTTGTTGTTGATAAGTTTTTTAAGCT
70994552_Aspergillus_Pan_3046_rc_Fungi	5.86e-02	3.11e-02	2.2258	-4.82122	0.6007	70994552		AACTTCTGCACGAACTTCTTGTAGTCCTCAAAGACCTTGGGGTACATGGCGTAACTGGCCACGTCGTACT
11932175_22_rc_IridescentVirus31_Iridovirus	5.92e-02	3.15e-02	2.2202	-4.8327	0.72515	11932175		ACAACTTCAAGAATACTTTTTCTTCCCATGTATGTTGTGCACTTGCGATTGGCATAAACGGTAACGCTCC
73621242_KelpFlyVirus_10565_rc	6.09e-02	3.25e-02	2.2063	-4.86086	0.73945	73621242		AAGTCCTTCTCCCAAGCTCCTTCACAGATGGCTAGGTCGACAACAGTTTCATTTGACAGACGGCAATGCG
Project01_Read4_7	6.12e-02	3.28e-02	2.2026	-4.86833	0.6282	NA	--Project01_Read4_7	AGTATTTTGCTGTCGGTCTCCCCGCGCAAGAACCACAGCAGTTCCTCGAGAATGGACTTGAACGAGAGGC
20451021_BlackQueenCellVirus_Dicistro_3034	6.12e-02	3.29e-02	2.2011	-4.87136	0.61173	20451021		AGGGAAGTAATGGCGTTCCCGAGGCATATGAATCTAAAGTCAACAGAAAGATCAATGTTGAAGGGTATAA
56693045_SolenopsisInvictaVirus1_Dicistro_3055_rc	6.16e-02	3.32e-02	-2.1973	-4.87899	-0.63403	56693045		TCATGTACTTTTTGCATCACGTCAGGATCAATTTTGTAATCTTCATCGTTCCCAAACCATTGAGTCTTAC
13375374_47_BombyxMoriCypovirus1	6.19e-02	3.35e-02	2.1932	-4.88718	0.50983	13375374		AACGACTAGTAACAAGACCAGCAGTTTTAATGAGTATACGCGGCATGAGTCGTTGAAGCAAAAGTATGCT
166851932_GillAssociatedVirus_Okavirus_20109_rc	6.21e-02	3.37e-02	2.1905	-4.89269	0.86193	166851932		ACTGTCCTAGCCACTGAATGTTGGATTGGTGCAGGTTTTAAAATTAGGTTGTAATTGACCATTTAGGATT
56693045_SolenopsisInvictaVirus1_Dicistro_3860	6.50e-02	3.54e-02	2.1693	-4.93509	0.72641	56693045		TACAGATGAAACAAAGCAAGTAGGAAAAGGAGTGCCTGATTATAAAACTCTGGAAGAAGTTTCGTTTCTC
15078713_5242_InvertebrateIridescentVirus6_Iridovirus	6.65e-02	3.63e-02	2.1579	-4.95784	0.5569	15078713		AGAACAATTAGTTAATCATCAAATAATAGAACCGGCTAATAAAAAAGACAAATTTGGAAACCCAATTAGT
976134_SigmaVirus_Rhabdovirus_3852	6.66e-02	3.65e-02	2.1554	-4.96279	0.71929	976134		ATGCCATCCCGGAACTAATGAACCAGGAAACTGATTATTCATACAATCATCGGGTAATCCATAGAAAGAT
58013199_nt075028_ChoristoneuraFumiferanaMNucleopolyhedrovirus_Nucleopolyhedrovirus	6.77e-02	3.74e-02	2.145	-4.98348	0.79788	58013199		GTCAACACATCCTTGTCGTCACCAAACAGCATTTCGCACACAAGTTCAAAAAAAAGTTTAACGTCCGTCT
34610121_MacrobrachiumRosenbergiiNodavirus_Nodavirus_1500_rc	6.77e-02	3.74e-02	2.1447	-4.98412	0.5463	34610121		TCGACTGTTTCCCAAATTTGGTTTACCGCATTGACTTGCGTGGGTTTATCAAGTTCTTTACGCGCATCTT
22855185_DrosophilaXVirus_Birnavirus_5791	6.77e-02	3.74e-02	2.144	-4.98538	0.73579	22855185		GGCTACAGGAGAGAACCAAAAGTCTAGGGAATCAATGACAAGGGTTAAGATACGAGGATTATTGGAAAAC
3510485_nt0391_rc_HeliothisArmigeraEntomopoxvirusL_Entomopoxvirus	6.84e-02	3.79e-02	2.1382	-4.99681	0.58211	3510485		AAAATTATATATACAAACAAGTTTATCCTCGTTATAATCTCTCATTATTCTACCCACACATTGAATTAAG
2829120_ApisCeranaIridovirus_258_rc	6.98e-02	3.88e-02	2.1278	-5.01744	0.56597	2829120		CAGAACCTAAAACAGGAGCAGTTGTAAGGTGAGTTGGAACTGCTATAGGAACATATGGACTTGCTGGAGG
71658845_PenaeusMerguiensisDensovirus_Densovirus_3383_rc	6.98e-02	3.90e-02	2.1254	-5.02201	0.74711	71658845		AACGACCTGTACAGCCTCTGCCACCATGAAAGCCACTTCCACGACATCGACTATGAATTCGACCACTTCA
148727234_SolenopsisInvictaVirus2_6971_rc_UnclassifiedVirus	6.98e-02	3.91e-02	2.1248	-5.02332	0.83945	148727234		GATGTGGGAACTTGGATTTATCTTGTCCAGGATAATATTGTCGGAATAGTGCTTCTGAAAACTGTCCACT
21668319_149_HeliothisVirescensAscovirus3c	7.30e-02	4.10e-02	2.104	-5.064	0.72607	21668319		TTACAACGGTTCTCGATACCATCAACCAAGCTGTCGTCGGTTGATTTACAGCGGGCCGCCATCCGATTGA
11342605_MelissococcusPluton_Bacteria_1541_rc	7.31e-02	4.13e-02	2.1005	-5.07073	0.46416	11342605		CATAGTAAACCTCTCAAAACTAAACAAAGCAAACTGACCTCTGTGTTTCCGTTATTCGTCCTAGAAAGGA
9632405_SacbroodVirus_Iflavirus_4671_rc	7.31e-02	4.15e-02	2.098	-5.07567	0.59647	9632405		AACTCCTTCATATTCTGGTTTTCTTTCCGCATACAGTAACACATCTCTCCTACGATAAATTGCACTAGGT
1235936_nt587_TrichoplusiaNiGranulovirus_Granulovirus	7.31e-02	4.16e-02	2.0976	-5.07648	0.55715	1235936		TAGCTGCTTGTGATAAAGGTCTGCACGAGATGAGATTCAAATACGTAATGAGAATTGCGTGATTTGCACG
510569_31_AdesAlbopictusDensovirus_Densovirus	7.31e-02	4.16e-02	2.0973	-5.0769	0.43868	510569		ATCACATATTAGACGTGTTCGAAGACAGTTATTCCCCGAAAAACTATGGATAATAACGGGTCACAGGCAA
122704869_TropilaelapsMercedesae_Mite_2	7.38e-02	4.21e-02	2.0921	-5.08711	0.69464	122704869		AGCTATTACCATACTTCTAACAGATCGTAATCTCAATACCTCATTTTTCGACCCTGCAGGTGGAGGAGAC
9631294_7080_MelanoplusSanguinipesEntomopoxvirus_Entomopoxvirus	7.61e-02	4.36e-02	-2.0759	-5.11843	-0.55775	9631294		AAAATTATAATATTCATGGAATATATTATCAATTTTATTAATCATATCATAATTAAGTAATTTTTCTTTA
74055502_LaemSinghVirus_456_rc_Luteovirus	7.61e-02	4.37e-02	-2.0754	-5.11928	-0.63825	74055502		TCACGTCATCCTCTATCTAAATGGACTTCGTGATCCTGATATTGGCTGTACTATCAAGGAAGAACTGATA
57239658_nt001_rc_ClosteraAnachoretaGranulovirus_Granulovirus	7.65e-02	4.41e-02	2.0713	-5.12724	0.58538	57239658		ACACCGTTGAAACACTTGACGTTTGCGTAGAAACTGCTCGTGTTTAGGAAGGTGGAGTACAGGTACTGAC
2829116_4_PopilliaJaponicaIridescentVirus31_Iridovirus	7.88e-02	4.56e-02	2.0556	-5.15725	0.68099	2829116		CCTCACCAGTTGCACCTGCGACGGTGTCTCTTCCTGAGATTGATCTGAATCTTCCCTTACCGTTCTTCTT
68348793_nt1636_HeliothisArmigeraCypovirus5	7.88e-02	4.57e-02	2.0549	-5.15865	0.49579	68348793		ACTTCTTTGTTGAAATGGTGCTACACGATATATATCAAAGAGATTACTCTTATTCTCATGTCATGGTGAA
18158481_nt5296_rc_PlanococcusCitriDensovirus_Densovirus	7.88e-02	4.59e-02	2.0532	-5.16187	0.67074	18158481		GTGGTCGTTGACGTTGTGGTTGTTTTACGAAGTAAAATATATAGCTATCAAGTACAGTTCTACTTTTGCA
6646670_CloudyWingVirus_304_rc	7.88e-02	4.59e-02	-2.0525	-5.16315	-0.50623	6646670		CAAATATGCACAGAATTGTACACATCCACCAATAATACATGACGGATCAAAGCATTTTCTGGTCCATCAT
73621242_KelpFlyVirus_3541	7.89e-02	4.61e-02	2.0508	-5.16649	0.51971	73621242		GCAGTTGTTTGCCCATTGGGCTTACTCCCGCTTTTGTTTTCGCAGTCTCTATACTGTAGGGACCGTGAAG
56121875_VarroaDesctructorVirus1_Iflavirus_552_rc	7.98e-02	4.68e-02	2.044	-5.17947	0.53632	56121875		TATTGATTCACGATTGCTAGTCGCTGCACAATAACTGGTTTCCGACAAACCTCACTATTACAATGAGTGG
86610674_ApisMellifera_csd27A_657	8.00e-02	4.71e-02	2.0412	-5.18472	0.67714	86610674		TCCTAGTATGTTATGAATTTATATTGATGCACATACCATTAAATGCTGTATTAATTTTTTGTTTTTTTTT
9633605_203_rc_PeriplanetaFuliginosaDensovirus_Densovirus	8.00e-02	4.72e-02	-2.0404	-5.18616	-0.55976	9633605		TATAAAACGTATGCGAACAGATCAATGGAATCGCATGTTGCATACATATTCCAGAAAAGATAAAGTATAT
93009649_nt001_rc_MonodonBaculovirus_Baculovirus	8.02e-02	4.74e-02	-2.0379	-5.19109	-0.59671	93009649		ATAAAGGAAATGAAAAAATGGAAGCACTCTTTTTGGAGCAAGACCATCATTCTACCCTGATGGTGGACCA
124494152_IsraelAcuteParalysisVirus_Dicistro_7522_rc	8.21e-02	4.87e-02	-2.0255	-5.2144	-0.85641	124494152		TTTCGTTTTTGGAGCGTTCACTTGCATTGTTACATTCTTTACTTCAGGTTCATAGCCAGTCAAGACATGC
195764991_DysaphisPlantagineaDensovirus_4064	8.36e-02	4.98e-02	2.016	-5.23227	0.70972	195764991		TCGCTCCAATCCACCGAAGGAGTCCTAAGACTATCTGTATCGTCAGCCGGGTCAGAATTTTGACTGGCTT
20451021_BlackQueenCellVirus_Dicistro_4612	8.51e-02	5.08e-02	2.0064	-5.25037	0.68423	20451021		ACGAAAGGAAGCCTAAACATAAGGCTCATAAGTCTCGAATGTTTTCTAATGGACCAATAGATTATCTTGT
188543030_ChronicBeeParalysisVirus_4203_UnclassifiedVirus	8.75e-02	5.24e-02	1.9922	-5.2769	0.92664	188543030		AACTGTCAATGCCCTCAAATTCATCGGGGACTTCATCACAGAACATCCGGAACAGACGATAGGCGCCGTA
10314009_AcuteBeeParalysisVirus_Dicistro_8016	8.75e-02	5.25e-02	1.9911	-5.27889	0.71546	10314009		TTATTCTAAAATCATACGGACAACAGAGAACGATACGACACGGACTAATACTGAAATTATGGATCCTGCC
221126_nt166_rc_ChoristoneuraBiennisEntomopoxvirusL_Entomopoxvirus	9.05e-02	5.45e-02	-1.974	-5.31058	-0.49033	221126		TCATCTTCTTCACATCTATTATCAATACTATGTGATATAATTACGCAATTTTTTTTACATAATTTATATC
116878304_nt0363_rc_SpodopteraExiguaAscovirus5a	9.32e-02	5.63e-02	1.9592	-5.33778	0.65723	116878304		TTTATGGACTTTACGTCCGATACAATGGTAGAAACTTTATCCTTGACATCTTCCAACATTTCTTTCACCT
22855185_DrosophilaXVirus_Birnavirus_5907_rc	9.33e-02	5.65e-02	1.9572	-5.34154	0.5792	22855185		AACAGGACTAGTAATGTTGCCAACTTTTTGTCGACTCCACTTGGTTTCTTTCCTGTTAGGTATGCATTGT
20451021_BlackQueenCellVirus_Dicistro_8004	9.34e-02	5.67e-02	1.9553	-5.34502	0.54287	20451021		TCACATCAGTACTCCTTTGGCAATAGAACAAATACCTATAAAGGGAGTCGCAGAGTTCCAAATACCGTAC
62996799_nt0061_rc_CostelytraZealandicaIridescentVirus_Iridovirus	9.34e-02	5.69e-02	-1.9539	-5.34756	-0.56983	62996799		AAATGAACCATATTTTTCTCATGAAATTATCAGGTATATTTACTCCATTATGAATATTCATAAGTTTATA
18476472_YellowHeadVirus_Okavirus_6562_rc	9.52e-02	5.82e-02	1.9438	-5.36603	0.75372	18476472		CAGTCGATAGAGTGTTCGGAAGGAGAGTAAGTGAATTCGTCTGATGTGCAGCGAGGGCATGTGAATCCGT
9632405_SacbroodVirus_Iflavirus_4125	9.90e-02	6.07e-02	1.9239	-5.4021	0.56452	9632405		TCGAGCTAAGTACTGGAACACGGTAATGCAAGCGTATCAAATACAAAAGTTATTATTAACTGTCCCTCAA
17158105_WhiteSpotSyndromeVirus_Nimavirus_264607_rc	9.94e-02	6.10e-02	1.921	-5.40737	0.62188	17158105		GCAACTCGATTTCTGTCAGTTATGCTGGAGGAGGAATATCTGTGTTCCATCTGGGTGGTCTTCCTGGAGC
9632405_SacbroodVirus_Iflavirus_2045	1.01e-01	6.19e-02	1.9141	-5.41972	0.60696	9632405		TAGATAATGTTAGTAGGGCACAGGCTATGGGGATTAGAGCAGAATCTAAAATGAGAGTGAAAGTGAGAGT
73621242_KelpFlyVirus_7467_rc	1.02e-01	6.30e-02	1.9062	-5.434	0.67531	73621242		CTCTGCCACTTGTTGAGCTGGACCAATGCCTGTCATACCATTCAAGTCAGGGATGTTCTCGACTCCTTGT
62822968_MourilyanVirus_BunyaLikeVirus_472	1.04e-01	6.44e-02	-1.8956	-5.45292	-0.57158	62822968		ATCAGAATGGCGCTTCTTTCACTCTGAACCCGCTAGGAAGCTACAAGTCGGCTATCCTTTACGCAGGCAT
148727234_SolenopsisInvictaVirus2_8571_rc_UnclassifiedVirus	1.05e-01	6.55e-02	-1.888	-5.46653	-0.58318	148727234		AAGATGGTAGTTGATAGCTCAGGCAATCGTTGTGATGTTGGGTAATTTCCGCGATACACTATATTACTAA
29293088_ProvidenceVirus_Tetravirus_1988_rc	1.06e-01	6.63e-02	1.8821	-5.47695	0.45131	29293088		GCGCTACTGAAGTTGTTTTCGAAGGTGTCTACAATGCCTCTTAGACCTAGTGCATTATTTTCCGGATCAT
9790313_SindbisVirus_Alphavirus_11153_rc	1.07e-01	6.70e-02	1.8766	-5.48667	0.49038	9790313		TATGGTCAGCTGGTGGTTTACATTCTGCATTGCATGTTGTCTTCTTCCCACACAGCGATACGATAAAGTT
6693799_78_rc_NeodiprionSertiferNucleopolyhedrovirus_Nucleopolyhedrovirus	1.08e-01	6.80e-02	1.8701	-5.49826	0.55407	6693799		AAATCGACGTGTGCCATCGTCAATAATTCATCCCAAGAAGTACGCAAAGTATTTCGAGTAATATCGACTT
188543030_ChronicBeeParalysisVirus_1666_rc_UnclassifiedVirus	1.11e-01	6.97e-02	1.8581	-5.51939	0.71979	188543030		GCGTCGGGGCCATCACTCTGGTTTCGATCGATGTTACTAAGTTTTGCATTGTCATTGCTGGAACTGTTAT
21668319_nt3852_HeliothisVirescensAscovirus3c	1.14e-01	7.20e-02	1.8424	-5.54678	0.44543	21668319		ACTGTGCGCAAAACAACGAGTTCGTATACTGAAAACTCGCAGAGGACTACTACCAGATTTGGTTGAATAC
48697148_DendrolimusPunctatusTetravirus_Tetravirus_7818_rc	1.16e-01	7.34e-02	1.833	-5.56311	0.44849	48697148		GAAAACTCACCAGAGTTTATCAATTCTCGTCGCTAGACTTATGGTGTTGAATAGTACCACCCGTTTCCTA
510569_nt3031_AdesAlbopictusDensovirus_Densovirus	1.22e-01	7.76e-02	1.806	-5.6096	0.56445	510569		CAAACAACTTGGGACTTCGAAACAAGTCAAAACATGTTCATCGCAGACGCAGACAGAGAACCGGAAAATT
2460170_nt3325_HeliothisArmigeraEntomopoxvirusL_Entomopoxvirus	1.27e-01	8.09e-02	-1.7854	-5.64468	-0.51882	2460170		CCTTTTATTATATAAAAATATTGAAATTACTGTAGAATTGTATAAGTATTATATCGTTAAACGAATTAAA
78057426_nt1771_OperophteraBrumataCypovirus18	1.29e-01	8.20e-02	1.779	-5.65555	0.45434	78057426		CCAAAGAAGTTATTTTCAAAGTATGTATCGCAGACAAACGGCGTGTTTTTGCTCTCCCGCATTTATGTAC
70994552_Aspergillus_Pan_991_Fungi	1.33e-01	8.52e-02	1.7596	-5.68811	0.57982	70994552		AAATCAACCCTCGTATTCAGGTCGAGCACACCATCACCGAGGAAATCACCGGCATCGATATTGTCGCTGC
976134_SigmaVirus_Rhabdovirus_5073	1.36e-01	8.72e-02	1.7486	-5.70659	0.56811	976134		AAACTGCCGTTGTGGAAAATATAAACCCAGAGATTCAAGAGCTCACTGTCAACATGATGTACAGATTGAA
78057426_nt1756_rc_OperophteraBrumataCypovirus18	1.38e-01	8.84e-02	1.7417	-5.71798	0.55539	78057426		AGAGCAAAAACACGCCGTTTGTCTGCGATACATACTTTGAAAATAACTTCTTTGGGGTTGAACCAAATAG
151564502_AchromobacterXylosoxidans_Bacteria_1398_rc	1.38e-01	8.91e-02	1.7375	-5.72492	0.68984	151564502		TGAATCCTACCGTGTGGTAATCGCCCCCCTTGCGGTTAGGCTAACTACTTCTGGTAAAACCCACATCCCA
14780876_TauraSyndromeVirus_Dicistro_4603_rc	1.40e-01	9.04e-02	1.7303	-5.73681	0.62084	14780876		CACAGTTTTGTGGGATTGTATCTTGACGTGAACCCGAGTGTTACCCTTATCTGCTATACTAACTATTTCT
59265_25_rc_FlockHouseVirus_Nodavirus	1.40e-01	9.06e-02	1.7293	-5.73849	0.52305	59265		CCAACAAGAGTATGAACTAGCGAACTGGTGGCTGGATCGTTGCAACCGGGAATTGCACAGTACTCAGCTT
154721378_HoneyBeeSlowParalysisVirus_Iflavirus_7425_rc	1.40e-01	9.09e-02	-1.7277	-5.74107	-0.3821	154721378		GAACCAAACTAGGTATGATCTTAGACTTACCACTTTCCTTATGGCTCATCTTTTCATCTACACAACCATA
51014188_BlackBeetleVirus_NodavirusBeetleVirus_1367_rc	1.41e-01	9.19e-02	1.7218	-5.75077	0.37629	51014188		TCAATTTAACAAACGTTTCGGCTATTTTGGCGATTCTGTCGCTTGGTTTCTTATCATTGGCGACAAAAGT
14278994_nt0088_rc_AntheraeaPernyiNucleopolyhedrovirus_Nucleopolyhedrovirus	1.41e-01	9.22e-02	-1.7205	-5.75297	-0.48594	14278994		GCTTCTTGCGCTTGGCGTTCTTAATGACGGACCCTAAGTTTTTGTAATACTTGTTGTCGTACACATAGGT
1235937_nt0704_rc_TrichoplusiaNiGranulovirus_Granulovirus	1.42e-01	9.29e-02	1.7165	-5.75956	0.41665	1235937		ATATCGATCCCAATCCGGAGTTTTAAAACATTTCAAAAAGGTCGATATTAAAAATTTTGTCATTAGAATA
71480055_DeformedWingVirus_Iflavirus_6329	1.44e-01	9.49e-02	1.706	-5.77666	0.52442	71480055		AAATTAGTGCGTCAGTTAAGAAAGCTTTACCAACCATTTCCATAACCGAAAAACTACCACATTGGACTGT
9632405_SacbroodVirus_Iflavirus_7164_rc	1.46e-01	9.63e-02	1.6983	-5.78916	0.66637	9632405		AGGAGTTTGCTCCTTTGTCACCGCCCCAATATAAGACACATTAGTTTCAGGTAAAATTATTTTTGCTTCT
48697148_DendrolimusPunctatusTetravirus_Tetravirus_7818	1.48e-01	9.74e-02	1.6925	-5.79856	0.46903	48697148		TAGGAAACGGGTGGTACTATTCAACACCATAAGTCTAGCGACGAGAATTGATAAACTCTGGTGAGTTTTC
27311152_VarroaDestructor_Mite_8321	1.48e-01	9.77e-02	1.6911	-5.80083	0.451	27311152		GATATATACCATATCCACCAAGTTTAAGTAGAATACCAGCTAAAAGTATAGAACCTGCAATAGGAGCTTC
4098251_53_ChoristoneuraFumiferanaEntomopoxvirusL_Entomopoxvirus	1.48e-01	9.80e-02	1.6897	-5.80306	0.34569	4098251		GAAAATAAATATTTTATTCCAAATTATATAAATTGGAATTTAACAATTGATATTTATAACATATTTTTTA
21518670_111_ChoristoneuraFumiferanaGranulovirus_Granulovirus	1.48e-01	9.85e-02	1.6869	-5.80756	0.54889	21518670		AAAGCATTAAGATACGTCGTCACGACGGCACCTCATGCGTTATTGACAACCACCACCTCAAAAGCTTAGG
9629650_192_rc_DrosophilaCVirus_Dicistro	1.50e-01	9.99e-02	1.6799	-5.81888	0.43733	9629650		TGTACGATTAATAGCACACATAAATTCATCATCTTGGGTTCCACGAATAGCTTCCTCATATGTTAAAATG
124494152_IsraelAcuteParalysisVirus_Dicistro_1268_rc	1.50e-01	1.00e-01	1.6784	-5.82125	0.45096	124494152		TAATATGATTCGCTCGGTCCATCGAATGGTTGAATTTGAATGCAGTACTCTTCAAGATTTCCCTTTCTTC
51921552_PenaeidShrimpInfectiousMyonecrosisVirus_Totivirus_6244_rc	1.51e-01	1.01e-01	1.6738	-5.82865	0.513	51921552		TATTGCGATCTTTGTAATTATAGCGTTCCACATATTACCCAACAAACTCGTTATTCTCACTCCTGATGGT
86610776_ApisMellifera_csdAW26B_291	1.51e-01	1.02e-01	1.6697	-5.83519	0.59305	86610776		GAACGAGAGAAATCTAAAGAACATAAAATAATTTCATCTTTATCGAACAATTACAATTATAATAATAATA
21106612_nt3594_AedesAlbopictusDensovirus_Densovirus	1.52e-01	1.03e-01	-1.6657	-5.84167	-0.61329	21106612		TAAACATTATAATCAAATTATATTCAAATATAAAATACACATATATATTCAATAAAAGCATTTAACCAAA
78057438_nt0886_OperophteraBrumataCypovirus19	1.54e-01	1.04e-01	1.6577	-5.85442	0.70857	78057438		TTTGTTGAGGAGCGGAAGAAACGGGAAAAGCTACCGAAGGCACTCCAGAGTCATATTAACGATGTTGGTC
14591762_704_rc_CydiaPomonellaGranulovirus_Granulovirus	1.56e-01	1.06e-01	1.649	-5.86808	0.41505	14591762		ACTTGAACATTTTTCAGTAACTTCTCAAGTCGTCCGTGTAATCATTGAGACGTTTCACCTCTTTTTGTAG
20451006_InfectiousFlacherieVirus_Iflavirus_6032	1.62e-01	1.10e-01	1.6303	-5.89762	0.52132	20451006		AAAGATAAATAGAGAAGAATTTAGTAAAATTTCGGACACTGCCTCGACATCCTCAGATGAAAGCGACGCG
2911298_nt06166_rc_RhopalosiphumPadiVirus_Dicistro	1.63e-01	1.11e-01	1.6259	-5.90442	0.40858	2911298		CTGGTAGAGTTCTCCATTTAACACATTCACCGGTTTTTGCTTCATCAGTCATTACCATGTCCAGATAATC
154721378_HoneyBeeSlowParalysisVirus_Iflavirus_8381	1.69e-01	1.15e-01	1.6056	-5.93593	0.41679	154721378		ATCATTAAATGGTATTGCTTCAGGTAGTCCCATTACAGCAGAATTGAATAGCGAAGTGGGTAAGAAATAT
42539159_nt001_HarrisinaBrilliansGranulovirus_Granulovirus	1.70e-01	1.16e-01	-1.6007	-5.94353	-0.5474	42539159		TGCACCGCTGAAGATCCGTATATACCTCATTTTAATTTACCTATAAAAATATATTATAATAAAGTGAATC
78057432_nt1171_rc_OperophteraBrumataCypovirus18	1.73e-01	1.19e-01	1.5888	-5.96175	0.45149	78057432		GTAATACGCCAATTGTATCCAAACCGACAATCACATGCACAGGATCATCTCCGATTGCAGCTGCGAGCGC
54124704_VarroaGenus_Mite_589_rc	1.75e-01	1.21e-01	1.5814	-5.97299	0.65692	54124704		TCAACAAACGGTGCCCCAACAGGGACTAGTGTAAGCCAAGGCAAGTTTTCAAACTACGAGCTTTTTAGAC
10314009_377_AcuteBeeParalysisVirus_Dicistro	1.78e-01	1.23e-01	-1.573	-5.9859	-0.41998	10314009		GAGGGCTTATAATTATAAGCTTCTTGACATAATCTAACCATTGCGTCAAAATTTCGAATTAGTAAATTAA
82698021_RosyAppleAphidVirus_2576	1.78e-01	1.23e-01	1.5696	-5.99103	0.56115	82698021		GCTGCTAGTTTGTATCTTAAGCCTGATGCAGAAGCCAGTCTCTACGTTTCCGAGCGTGTCATTAGCGGCA
20451021_BlackQueenCellVirus_Dicistro_4612_rc	1.78e-01	1.24e-01	1.5691	-5.99168	0.52697	20451021		ACAAGATAATCTATTGGTCCATTAGAAAACATTCGAGACTTATGAGCCTTATGTTTAGGCTTCCTTTCGT
556172_66_rc_GalleriaMellonellaDensovirus_Densovirus	1.86e-01	1.29e-01	1.546	-6.02647	0.56368	556172		TTCTTCCGTACTCACGCAAGATGTCCAGACATTGATACGTAGCTGAATATCTCGTAAGATAATGACATCG
154721378_HoneyBeeSlowParalysisVirus_Iflavirus_4878	1.91e-01	1.33e-01	1.5295	-6.05097	0.41369	154721378		ATATACCGGAGACGGAAAATATTAGCCGAGTTCGACTTTACTGAGGAGATTAAGCGAACATACCCTAATG
10518479_49_TrichoplusiaNiCypovirus15	1.94e-01	1.36e-01	1.5182	-6.06762	0.3724	10518479		CTGAGCGCGAATTTCCATTTTTCGAATCACATAATAAGTTCACATTTTATGATTTAACGATTTGTACTAT
20451018_314_HimetobiPVirus_Dicistro	1.95e-01	1.37e-01	1.5154	-6.07176	0.34948	20451018		TGGAGAGGGTCAATAGTTTATACTTTTAGAGCTGTTAAGACTGAATATCATAGTGGTAGAATAGAATTTA
20451021_BlackQueenCellVirus_Dicistro_8271_rc	1.95e-01	1.37e-01	1.5152	-6.07201	0.42919	20451021		CTGGACTTCCCTAAAAGGGTCGTACTGATCATACCTCAAATCATACACTTTACCTTGTTTTATCTTGGTA
9627742_1682_rc_AutographaCalifornicaNucleopolyhedrovirus_Nucleopolyhedrovirus	2.00e-01	1.41e-01	1.4989	-6.09572	0.48656	9627742		TTTTTTTCACGGCGAAATGACCGTGGCGGGCAAAAAGTTTTTCCTTTGCCGCAACGCATGTTTGCCCAAC
71658845_PenaeusMerguiensisDensovirus_Densovirus_4511	2.02e-01	1.42e-01	1.4927	-6.1047	0.57765	71658845		AACCCCAGCGATTCATTCCAGCGCCACCGCAATAAACCCGTTGATCTCAAACACATCGGAGACAACGTAT
20451028_261_TriatomaVirus_Dicistro	2.05e-01	1.45e-01	1.4833	-6.11827	0.58077	20451028		TAGTACCGTCTTTCATATACAAGTAAATGCTCATCCATTTCAATGTGGAAGATTGGTTTTAGCTGCTGTA
154721378_HoneyBeeSlowParalysisVirus_Iflavirus_5861_rc	2.07e-01	1.47e-01	1.4759	-6.12888	0.37047	154721378		AATTATCTCAGATTCTGATGCACCTCTAATCTTCCACAACTGTCTTCGCAATTCAACTTCGTAGTTGTTA
27311152_VarroaDestructor_Mite_8321_rc	2.09e-01	1.49e-01	1.4682	-6.13987	0.50499	27311152		GAAGCTCCTATTGCAGGTTCTATACTTTTAGCTGGTATTCTACTTAAACTTGGTGGATATGGTATATATC
510569_56_rc_AdesAlbopictusDensovirus_Densovirus	2.10e-01	1.50e-01	1.4653	-6.14398	0.38839	510569		TTTCGATACCGTAACGGATGCAAAGAGAATGTAGTTCCTGAGAAATTTAACTTTGGAAAAAGTGATAGTC
148717937_BrevicoryneBrassicaeVirus_Iflavirus_5816_rc	2.19e-01	1.56e-01	1.4417	-6.17727	0.39884	148717937		AGCTTTAGGTTCTGCAATTCCAGGTAATCTGGGAAAAGCATTGTTACTACATGTTATCATTATTTCAGGA
9632405_SacbroodVirus_Iflavirus_3156	2.19e-01	1.57e-01	1.4393	-6.1807	0.56668	9632405		ATTCTCTGACGAGCATGTACAAGTTCAGATGGATGATAGTGTAGAAAGAGTTTATGATGAAGGGAACCAA
20451006_InfectiousFlacherieVirus_Iflavirus_7206	2.21e-01	1.58e-01	1.4339	-6.1882	0.43257	20451006		AAGTCTACGGCAATATCTGCTATAGGGAAGGGAGAACCAGTGCAGACAACATTTACTATTAATAGTAAGA
56121875_VarroaDesctructorVirus1_Iflavirus_6633	2.21e-01	1.59e-01	1.4328	-6.18981	0.35807	56121875		GAAGTACATGGCAACTTGGTGTACGAAACGAAGAGAGCATGTATCCGATTTTGATTTAGTATGGACGGAT
20451021_BlackQueenCellVirus_Dicistro_3838_rc	2.22e-01	1.60e-01	-1.4285	-6.19577	-0.4898	20451021		CGATGACCCCCAGCTGTGTGAATTCCTATAATTTTACCAGGTCCTATTTTACTATTGGTTACAAAAAGGG
57239728_nt194_rc_PlathypenaScabraGranulovirus_Granulovirus	2.26e-01	1.64e-01	1.4157	-6.21346	0.453	57239728		ACGATTAGCGCCCACAAAAGTTCCTAGACCTATTTTTACGTTCCAATTGTAGTCATGTTGTTGCTGAATC
71480055_DeformedWingVirus_Iflavirus_6610_rc	2.27e-01	1.65e-01	1.4116	-6.21915	0.35604	71480055		ACCACATAGCTATATATTTCTTCTGTTTTCCAGTTATATAACCTTCATCCACAAGACGTTCTAGAGCCTG
124494152_IsraelAcuteParalysisVirus_Dicistro_723	2.29e-01	1.66e-01	-1.4069	-6.22551	-0.29697	124494152		TACATCAAGATATCAATTGTACCGGTTTTACATTAACTATAGTAGATAAGGATGAAAGAACAAAGGACCT
56121875_VarroaDesctructorVirus1_Iflavirus_1801_rc	2.42e-01	1.77e-01	1.3727	-6.27189	0.57348	56121875		TCACACTAGTTGGAGCAGGAATAGAGGTGCTAGGATCACGTTGTGTAGTTAATACTACATTACTATCCTT
93009649_nt016_MonodonBaculovirus_Baculovirus	2.43e-01	1.78e-01	1.3689	-6.277	0.45531	93009649		GTAGAATGATGGTCTTGCTCCAAAAAGAGTGCTTCCATTTTTTCATTTCCTTTATATCCCAATCGTGTCT
29293088_ProvidenceVirus_Tetravirus_397	2.43e-01	1.78e-01	1.3673	-6.27917	0.35177	29293088		AAACGATTGGAGCCTAGAAAGCGAACTAGGTCAATAAGGAGTCGACAAGACTTGGACACCATGCACAGAG
13959016_PenaeidRodShapedDNAVirus_459	2.48e-01	1.82e-01	1.3561	-6.29394	0.41791	13959016		GAATTGTTCCGTGTACAGAGTGATATGTCTTGGAAATAAAATACATAATTAAAGAATTTATATTGTTTTA
58013199_nt075024_ChoristoneuraFumiferanaMNucleopolyhedrovirus_Nucleopolyhedrovirus	2.49e-01	1.83e-01	1.3508	-6.30105	0.41854	58013199		TGCCGTCAACACATCCTTGTCGTCACCAAACAGCATTTCGCACACAAGTTCAAAAAAAAGTTTAACGTCC
Project01_Read7_77	2.49e-01	1.84e-01	1.3498	-6.30232	0.33557	NA	--Project01_Read7_77	GACCGTGCATAAGTCCACGCTTTTTCAACCAGAAGATGGAGGCAAAGCTGCCGCTAAACAACAGTCCTTC
124494152_IsraelAcuteParalysisVirus_Dicistro_3745_rc	2.53e-01	1.87e-01	-1.3387	-6.31696	-0.39998	124494152		CACATTATCTCCAGATGTCTGTGCTTCGATCACAATCGGGGTCCTATTTTTGTAAGTACTCAAATCGGCG
148727234_SolenopsisInvictaVirus2_5532_rc_UnclassifiedVirus	2.66e-01	1.97e-01	1.3098	-6.35437	0.50712	148727234		ATTTCGCGTGCAGATTCTTTAAGAGAATCCTCACGTTCCTTGGTTACTTGATCAATTTTCGTTGCTACTT
15042589_3_EpinotiaAporemaGranulovirus_Granulovirus	2.67e-01	1.98e-01	1.3061	-6.35909	0.38003	15042589		TCAATTACACAAGTGGTGCCTTCGTGACGCTATACCTCAAAGATTTGTTATATCCCATAATACTGTTTTA
1235936_nt542_TrichoplusiaNiGranulovirus_Granulovirus	2.70e-01	2.01e-01	1.2981	-6.36925	0.31729	1235936		TTACAAGAGTCATTTTGCACGTTTACAAGAAATTTATTACAAGATTAGCTGCTTGTGATAAAGGTCTGCA
56693045_SolenopsisInvictaVirus1_Dicistro_5730_rc	2.78e-01	2.08e-01	-1.2783	-6.3943	-0.37175	56693045		AATATTGGTAGCCCAGATGCATCATTGACACCATTTCCTTTCTTGCTGTATGATGGTTAAACTCTTTCAA
21668327_nt3012_rc_SpodopteraFrugiperdaAscovirus1a	2.78e-01	2.08e-01	-1.2774	-6.39545	-0.48558	21668327		GAGGCGCTGGAGTACGAGGACCCTAAAAGAGCATACAAAGTTATACCAGATGAGTGGAAAATAACTTGGG
51014188_BlackBeetleVirus_NodavirusBeetleVirus_1347	2.82e-01	2.12e-01	-1.2672	-6.40821	-0.35906	51014188		AATCAATTGAACGTAGAGTGACTTTTGTCGCCAATGATAAGAAACCAAGCGACAGAATCGCCAAAATAGC
9633605_36_rc_PeriplanetaFuliginosaDensovirus_Densovirus	2.83e-01	2.13e-01	-1.2641	-6.41202	-0.31138	9633605		TCATAAGGAGGTGTATTACGTACCTGAAACAGAAGGGTAGATTACTCCAAACCGTTGTTCAATAGCTGTT
9634994_IHHNV_Densovirus_1651	2.86e-01	2.15e-01	1.2564	-6.42157	0.43429	9634994		CCTCGCCTATTTGGGAGTTACCTTTGCTGCCAGAGCCGAAGCTGAAGCGACTACGGTACTTGTTAGAAAT
221129_15_rc_ChoristoneuraFumiferanaEntomopoxvirusL_Entomopoxvirus	2.86e-01	2.16e-01	-1.2552	-6.42305	-0.26596	221129		ATAATTTTTTTTCCATTATTAGCTATGTATCACAAAATATAATTAAATCATTAGAATCAAAAAATTGACA
2829126_2_rc_AnticarsiaGemmatalisIridescentVirus_Iridovirus	2.87e-01	2.18e-01	1.2498	-6.42973	0.36668	2829126		ACCAAGAGCAGCACCAGAGCAACGGGATTAATTAATGCTGAAACATTTCCAATCATATTATCATATCCAT
76577723_CrithidiaFasciculata_3_Protist	2.87e-01	2.18e-01	1.2495	-6.43	0.34996	76577723		AAAACGACAAGCTTAAAAAACTTATCAACAACAACAAAACTTTTTTATTTGCCGCTTGACATACCTTTCT
13959016_PenaeidRodShapedDNAVirus_459_rc	2.96e-01	2.25e-01	1.2307	-6.45293	0.4298	13959016		TAAAACAATATAAATTCTTTAATTATGTATTTTATTTCCAAGACATATCACTCTGTACACGGAACAATTC
148717937_BrevicoryneBrassicaeVirus_Iflavirus_6596	3.06e-01	2.33e-01	-1.208	-6.48017	-0.30558	148717937		TAAGAAATCGAAGCTTATGGAGTTTGAAGACAAAATTGGTCAAGATATATCCCGTACCGTTCCTGAAAGA
9790313_SindbisVirus_Alphavirus_11153	3.12e-01	2.39e-01	-1.1939	-6.49693	-0.38922	9790313		AACTTTATCGTATCGCTGTGTGGGAAGAAGACAACATGCAATGCAGAATGTAAACCACCAGCTGACCATA
207560084_AscophaeraApis_2_rc_Fungi	3.21e-01	2.46e-01	1.1749	-6.51908	0.29706	207560084		ATCGCCCAACACACAAGCCGTGCTTGAGGGTTGCAATGACGCTCGGACAGGCATGCCCCCCGGAATACCA
56121875_VarroaDesctructorVirus1_Iflavirus_6617_rc	3.23e-01	2.48e-01	-1.1707	-6.52387	-0.32723	56121875		TCAAAATCGGATACATGCTCTCTTCGTTTCGTACACCAAGTTGCCATGTACTTCTTTTGTTTACCAGTAA
27311152_VarroaDestructor_Mite_5621_rc	3.24e-01	2.49e-01	-1.1667	-6.52859	-0.33498	27311152		TGAAATGCCTCTATTTTGGCTTTTATTAAATAAAGGTATTTATCCTATCTTTTAGGTCGAAACTAAACGC
2668619_AcyrthosiphonPisumVirus_7596	3.29e-01	2.53e-01	1.1569	-6.53977	0.39657	2668619		GACGGTACAGCCGCCGGTACTATACTTGCTCAAATACCCTATGACCCTGTAGACAATCCTTATGCAAATG
34610126_EctropisObliquaIflavirus_Iflavirus_5988	3.30e-01	2.55e-01	1.1534	-6.54379	0.27284	34610126		ACTTCCAATGAACCAAGGAAAATATGCGAGGTATCATTTTGTGAAAAATGTGAGCCAGTCAATCAACGTA
78057434_nt0721_OperophteraBrumataCypovirus18	3.30e-01	2.56e-01	1.1508	-6.54677	0.38866	78057434		CATTATCTGTGAAGGAGCAGCGTACCGACCGATCGATTTTGAGAATTATAAGACCAACGGCCCAAATATG
37642090_84_TrichoplusiaNiAsocovirus2a	3.35e-01	2.60e-01	1.1408	-6.55803	0.43851	37642090		GTATCCCGACGATCACACGGCCTAGTGTACTTTCGAGTGGTTCCCAACGTTATAAAGTGTTGAACTTATC
9634994_IHHNV_Densovirus_3812_rc	3.38e-01	2.63e-01	1.134	-6.56564	0.2776	9634994		ATGCCTGGGTAGCCGGAGTCCCACCTTGCCTGGGTAGCTGGTATGTATATAGGGTAGGTATAGATGATAA
84316420_nt8728_rc_HomalodiscaCoagulataVirus1_Dicistro	3.41e-01	2.66e-01	1.1267	-6.5738	0.3001	84316420		GATTCTGAAAGGTTCTCTCACAGAGGCGCCCGGGACCTGTTTCTCGGGTCAGCGGTTCTATGAGATTGGT
9634994_IHHNV_Densovirus_2738_rc	3.44e-01	2.69e-01	1.1186	-6.58288	0.36922	9634994		ATCCCTCCTGGATCTTTTCCTTGGGCTTGCTCTTGTTGAATCGGCGCACATGGTTGTCTATGATGTCGTC
122704869_TropilaelapsMercedesae_Mite_1_rc	3.51e-01	2.75e-01	1.1043	-6.59859	0.25773	122704869		AAAGGATTGGGTCTCCTCCACCTGCAGGGTCGAAAAATGAGGTATTGAGATTACGATCTGTTAGAAGTAT
20451012_199_rc_PlautiaStaliIntestineVirus_Dicistro	3.51e-01	2.76e-01	1.1034	-6.5996	0.38845	20451012		ATCTAGTTTTATGAGCTTTTTCAATGGCTTTCCTTTCATCTTTAAGTGTGTCAATAAATACGTGTACAGA
56121875_VarroaDesctructorVirus1_Iflavirus_6259_rc	3.61e-01	2.84e-01	1.0843	-6.62027	0.23177	56121875		ATGCTTTCTTAACTGAAGTACTAATCTCTGAGCCAACACGTTGTAAATCAGCCCAGAGGGTTCGCTCTTT
56121875_VarroaDesctructorVirus1_Iflavirus_1801	3.68e-01	2.90e-01	1.0704	-6.63511	0.33828	56121875		AAGGATAGTAATGTAGTATTAACTACACAACGTGATCCTAGCACCTCTATTCCTGCTCCAACTAGTGTGA
20451006_InfectiousFlacherieVirus_Iflavirus_6032_rc	3.75e-01	2.97e-01	1.0557	-6.65059	0.42633	20451006		CGCGTCGCTTTCATCTGAGGATGTCGAGGCAGTGTCCGAAATTTTACTAAATTCTTCTCTATTTATCTTT
34610121_MacrobrachiumRosenbergiiNodavirus_Nodavirus_2269	3.81e-01	3.02e-01	-1.044	-6.66278	-0.32475	34610121		TAGTACAAACACTAGTTTTCAGGATCCACTAAGAACGTGGAGAAAGTTGAACATGACTTCACGCACGTGT
1235937_nt0704_TrichoplusiaNiGranulovirus_Granulovirus	3.89e-01	3.09e-01	-1.0287	-6.67856	-0.31012	1235937		TATTCTAATGACAAAATTTTTAATATCGACCTTTTTGAAATGTTTTAAAACTCCGGATTGGGATCGATAT
157325505_NoraVirus_10709_rc	3.89e-01	3.10e-01	1.0274	-6.67979	0.33797	157325505		TACAACATTTCCACCAATGGCGTGTGCTGCTCCACTAAGGATAGGCGCTGCGGTGTTAACCAAACCGTTA
221126_nt121_ChoristoneuraBiennisEntomopoxvirusL_Entomopoxvirus	3.91e-01	3.12e-01	1.0223	-6.68501	0.22207	221126		CCATGTATTCTGGTAAAACTACCGAATTAATTAGAAGAATTACAAGATATAAATTATGTAAAAAAAATTG
154721378_HoneyBeeSlowParalysisVirus_Iflavirus_6128	3.91e-01	3.12e-01	-1.0215	-6.68583	-0.25051	154721378		ATATGGTATAATAAGATATCCAGGTAATTTTGGATGCATGAAGACGATTCCAGCTGAGTGTCAGTGTGAA
11342605_MelissococcusPluton_Bacteria_1550_rc	3.94e-01	3.16e-01	-1.0149	-6.69253	-0.35654	11342605		CACATACCACATAGTAAACCTCTCAAAACTAAACAAAGCAAACTGACCTCTGTGTTTCCGTTATTCGTCC
2911298_nt06181_rc_RhopalosiphumPadiVirus_Dicistro	4.12e-01	3.31e-01	0.9826	-6.72465	0.28771	2911298		TTAAAAAATTAACTTCTGGTAGAGTTCTCCATTTAACACATTCACCGGTTTTTGCTTCATCAGTCATTAC
124494152_IsraelAcuteParalysisVirus_Dicistro_4671_rc	4.12e-01	3.31e-01	0.9823	-6.7249	0.20121	124494152		ATTTTAATAAATGCTCGCTCAAGATCTTTTTGGGTTATAGACTCAGCATAGGCTTTGCCAGTTGTAGCTC
24431318_247_AphidLethalParalysisVirus_Dicistro	4.26e-01	3.44e-01	0.9569	-6.74941	0.23702	24431318		ACACCCGTTCTTAGAAGAATTTGGAAATGACAATGACTGATGAAGCTAAAACTGGTGAATGTGTTAAAGC
157325505_NoraVirus_10652	4.30e-01	3.48e-01	-0.9486	-6.75727	-0.22777	157325505		GAAGAGCCTTCTTGGTGTTGCAGGAACAGCAGTTTCAGCCATTGGTGGTCCACTCCTTAACGGTTTGGTT
86610776_ApisMellifera_csdAW26B_141	4.30e-01	3.49e-01	0.947	-6.7588	0.25068	86610776		AAAGTATGAAACGAAATATATGAAATATATCATATTCATATTTGTTAAAAATTGAATTTTAATTAAATAT
86610772_ApisMellifera_csd13B_141	4.30e-01	3.49e-01	0.9461	-6.75963	0.27904	86610772		AAAGTATGAAACGAAATATATGAAATATATCATATTCATATTTGTTAAAAATTGAATTTTAATTAAATAT
124494152_IsraelAcuteParalysisVirus_Dicistro_1749_rc	4.32e-01	3.51e-01	0.9417	-6.7638	0.37136	124494152		TCCATGATGCCCTTTGCAGAGCGTCCTAGTTCTCCAGTCCTCTTTAACATCGCCTCAACACCAGTCTTAC
34610121_MacrobrachiumRosenbergiiNodavirus_Nodavirus_2424_rc	4.33e-01	3.53e-01	0.9389	-6.76646	0.23637	34610121		TCACAATCCTTGCGTTGTCTCCTTCGAGTTACACTTTCGGCAGTGTTCATATAACACCTCTCAATCATGT
10314009_375_AcuteBeeParalysisVirus_Dicistro	4.33e-01	3.53e-01	0.9377	-6.76756	0.19979	10314009		ATAGGAGCACTATGGTTCGAGAAGACATTATAAGACAAACTCACTAGATGGAGGGCTTATAATTATAAGC
27435581_nt0016_rc_MyzusPersicaeDensovirus_Densovirus	4.33e-01	3.55e-01	-0.9352	-6.7699	-0.24038	27435581		CCTACTGGATACCTGCTATCTTTTTATTATATAAAAAGATCCCCTACTAATAATAACCACTACCTACTTC
218436697_PhasiCharoenVirus_500	4.36e-01	3.57e-01	0.9298	-6.77487	0.28745	218436697		ATATGAAGTTCTGCAAACCATTCTACCAGATCCTAGCATTGGTTTTTTTGTCATGGATAACCCAATGTGC
195970377_PteromalusPuparumDicistrovirus_1471_rc	4.52e-01	3.71e-01	0.9028	-6.79957	0.25651	195970377		TCCCGTTCCGTTCAAATGAGGTATGAACGGAGCATTGATGTCTTCACTCGTTGCGAGTGTAAGAGCCCTG
109390609_PanNematode_1475_rc	4.54e-01	3.74e-01	0.8981	-6.80385	0.32427	109390609		CTTCAACGCAACCGCCACGACCCTCCTACTCGTTGCGGCCAGGCGTATGTATATAATGTTGTAAACAACA
124494152_IsraelAcuteParalysisVirus_Dicistro_4939_rc	4.70e-01	3.88e-01	-0.8719	-6.82703	-0.28936	124494152		ATCTCCATCCTTAATTACATTACGTAAATAGGCTGGTTTTGTTTTTATGTCACTAATTTGACCATGTACC
9632270_HeliverpaAermigeraStuntVirus_Tetravirus_5119	4.71e-01	3.90e-01	0.8677	-6.83065	0.30181	9632270		TTCCCGATGTAAAGATCAGCAAGAGCGCATGAAGGAACAAAATTAGTTTCCTTGTTCGTAAACAAGGTGG
9632405_SacbroodVirus_Iflavirus_4125_rc	4.77e-01	3.96e-01	0.8571	-6.83983	0.28719	9632405		TTGAGGGACAGTTAATAATAACTTTTGTATTTGATACGCTTGCATTACCGTGTTCCAGTACTTAGCTCGA
20451006_InfectiousFlacherieVirus_Iflavirus_8640_rc	4.80e-01	3.98e-01	-0.8524	-6.84381	-0.29997	20451006		GCTTTGGTTCGCCTGTTAAATTTTTCTCACTGTCTGTAACTTTAATGTCATACTTAGCGAACTCTGCGCA
2829126_6_AnticarsiaGemmatalisIridescentVirus_Iridovirus	4.83e-01	4.02e-01	0.8455	-6.84968	0.17087	2829126		CTTCCATTCTTTTTCTCTAGAGATACTGGTGTACTCTACCTACTGCAGCTTTACCTTACAATGAGATGCA
116326687_TrichoplusiaNiAscovirus2c_Ascovirus_172889	5.22e-01	4.35e-01	0.7869	-6.89759	0.25172	116326687		GCGCGCCTTGTATTTTTCCTTTGGTAGACGCTCCTTCACCTTGTTTAAGACGTTCATGGAGTTGGGCACG
188543030_ChronicBeeParalysisVirus_1109_rc_UnclassifiedVirus	5.23e-01	4.38e-01	-0.783	-6.90068	-0.23515	188543030		ATCGAGAATGATGTCACCGGAGGTGGTTTGGATCTTGACTGATTTGAAAGAGAGTCTGGCGATATTGCCA
154721378_HoneyBeeSlowParalysisVirus_Iflavirus_3898	5.25e-01	4.40e-01	-0.7794	-6.90344	-0.26168	154721378		ATTCATTACGAATATTTCTAGAAAAAGTTTGGTATAGATACTTTCACCAAGCGACCGAACAGCAAGCAGC
27311152_VarroaDestructor_Mite_10089	5.25e-01	4.41e-01	-0.7782	-6.90444	-0.19177	27311152		AAGATTAAGACTTGAAGAATAGGGGTAATAATTTTATTAGTATTGATAGCTACTGCTTTTATAGGGTACG
76577723_CrithidiaFasciculata_1_rc_Protist	5.45e-01	4.59e-01	-0.7472	-6.92814	-0.25265	76577723		CACCTTCCACAAATTAAGAGAAAGGTATGTCAAGCGGCAAATAAAAAAGTTTTGTTGTTGTTGATAAGTT
20451018_367_rc_HimetobiPVirus_Dicistro	5.58e-01	4.71e-01	0.7275	-6.94275	0.22032	20451018		CTTTTCGTGTGTCACCTGGAGCCTCTTAACCAGGTTCTGTGCCAAAGAAATATTTATGAGGAAAAAGCTT
195970377_PteromalusPuparumDicistrovirus_265_rc	5.62e-01	4.75e-01	0.7209	-6.94754	0.24382	195970377		TCGAAGCCTAGCAAGGGACACTGGATTTTTCGGGGCTGCCTGAGCTGATCCTGTGAGGTAAGGATAAATA
154721378_HoneyBeeSlowParalysisVirus_Iflavirus_656_rc	5.62e-01	4.76e-01	-0.7188	-6.94904	-0.19194	154721378		ATCCCAAGTTGGCGAATATTCCTTCGATGCAATATCTTGACTTTCTATATTAGTTTCACCAAGTACTACA
458356_30_HeliothisArmigeraCypovirus8	5.62e-01	4.77e-01	-0.7166	-6.95067	-0.16557	458356		TAGAGAACTTCTTCCAACCGCGCGAACTGGTTTACCAGAACAGCTATGGGTACACCGTTTGAGGTCGTTT
10314009_221_rc_AcuteBeeParalysisVirus_Dicistro	5.69e-01	4.84e-01	0.7064	-6.9579	0.23203	10314009		AATGCAAACATTCAAAGATCCATCAAAGGTTGAGAAATCTCCTGCAATAACCTTGGGTCCCATAGTTTTA
56693045_SolenopsisInvictaVirus1_Dicistro_7490_rc	5.72e-01	4.88e-01	0.6989	-6.96322	0.191	56693045		TTCATGTACGGGATTAATATTATTGTAAGTCATATGGGATGGACCAGTACTTGTTGCATGGTCCTTGTAG
9634994_IHHNV_Densovirus_2738	5.72e-01	4.88e-01	-0.6986	-6.96343	-0.18949	9634994		GACGACATCATAGACAACCATGTGCGCCGATTCAACAAGAGCAAGCCCAAGGAAAAGATCCAGGAGGGAT
20451021_BlackQueenCellVirus_Dicistro_8271	5.73e-01	4.90e-01	0.6962	-6.96513	0.21422	20451021		TACCAAGATAAAACAAGGTAAAGTGTATGATTTGAGGTATGATCAGTACGACCCTTTTAGGGAAGTCCAG
HornetIflavirus_88_rc	5.73e-01	4.92e-01	-0.6927	-6.96757	-0.21703	NA	--HornetIflavirus_88_rc	GCAGGATGGCCAGCATATACAAGTTCTGACGTTGTTTCAAATATGGATTCCTTAGTTGATAGATGGTTCC
2829126_9_rc_AnticarsiaGemmatalisIridescentVirusVirus_Iridovirus	5.73e-01	4.93e-01	0.6916	-6.96832	0.15769	2829126		TGGGCTTGCCGGAGGGACTAAAGCACTATTTGTAGAACAAGTAGTTCAGTCCAATCTCTAAAGTTAAAGT
2114467_nt0031_ChoristoneuraFumiferanaCypovirus16	5.86e-01	5.04e-01	0.6728	-6.98124	0.21255	2114467		ATAATGCCTTACGAGAGAGATTGCTTAGACAATGATGTGCGCCTACGCGCACAGAATTTACGAACTCATG
188543030_ChronicBeeParalysisVirus_2694_rc_UnclassifiedVirus	6.10e-01	5.27e-01	0.638	-7.0042	0.24886	188543030		AAGCATAAACGCGATGAACAATTGGTTGGCCCGCTGATTGTGATTGTCGTTGTGAGGATTAGGTGTGTAA
30793779_KashmirBeeVirus_Dicistro_7371	6.10e-01	5.28e-01	0.6354	-7.00588	0.20236	30793779		TTATCCCCACATATAGATTGAATCCAAATCTTCCAACCGGACAAACTCTAACCCGCATAGTTCAGAATTC
188543030_ChronicBeeParalysisVirus_4203_rc_UnclassifiedVirus	6.10e-01	5.28e-01	-0.6352	-7.00599	-0.2115	188543030		TACGGCGCCTATCGTCTGTTCCGGATGTTCTGTGATGAAGTCCCCGATGAATTTGAGGGCATTGACAGTT
218436697_PhasiCharoenVirus_491	6.18e-01	5.37e-01	-0.6227	-7.01391	-0.1311	218436697		CTTCAGAACATATGAAGTTCTGCAAACCATTCTACCAGATCCTAGCATTGGTTTTTTTGTCATGGATAAC
22855185_DrosophilaXVirus_Birnavirus_5569_rc	6.21e-01	5.40e-01	-0.6176	-7.0171	-0.16727	22855185		TGCCTCTTTCTTTTCGATGGTCTTCTGTTGGTATAAGACCTGTGCGTAATTTTGCTCATGCATCGGTCTA
4098251_37_ChoristoneuraFumiferanaEntomopoxvirusL_Entomopoxvirus	6.23e-01	5.43e-01	0.6128	-7.02008	0.18201	4098251		CAAAACTACCTGAATCTACATGTGCTGCTAATTCTATGGTTTATAGATTGAAGTATCGATACCTGTGAGA
221129_15_ChoristoneuraFumiferanaEntomopoxvirusL_Entomopoxvirus	6.30e-01	5.50e-01	0.6022	-7.0266	0.1398	221129		TGTCAATTTTTTGATTCTAATGATTTAATTATATTTTGTGATACATAGCTAATAATGGAAAAAAAATTAT
154721378_HoneyBeeSlowParalysisVirus_Iflavirus_6631_rc	6.34e-01	5.55e-01	-0.5953	-7.03077	-0.12402	154721378		ACCTTTTGTTCTGTTATATGCATTTGATCTGACACACTTTCCCTATTAGCAGGCTTTGGGGCATTTGAAG
70994552_Aspergillus_Pan_3004_rc_Fungi	6.35e-01	5.57e-01	0.5918	-7.03283	0.18462	70994552		TACATGGCGTAACTGGCCACGTCGTACTCAGTGGCGGAGCCATACTTCTCCCGAATCTGGTTCTTGATCT
37724007_9_ChoristoneuraFumiferanaGranulovirus_Granulovirus	6.46e-01	5.68e-01	0.5759	-7.04224	0.1206	37724007		AAATGATGGTCAATTATATTACAAATGTATTTTGCAAGTGACAACAGTTATAAATATAATAAAAAATGTT
11932175_nt001_IridescentVirus31_Iridovirus	6.50e-01	5.72e-01	-0.5686	-7.04643	-0.15693	11932175		TATCCAAGTCTAATCCAAGCATATAATTTAGACTACTCTACCAATGTTGTGGATAAAACAATACCCGACG
10314009_AcuteBeeParalysisVirus_Dicistro_2234	6.66e-01	5.87e-01	0.5465	-7.05886	0.16041	10314009		GAGAATCAGGAAGAGGAAAATCGGGGATGACTTGGCCTCTAGCAATAGATCTAAATAACAGCTTACTTGA
70994552_Aspergillus_Pan_1005_rc_Fungi	6.76e-01	5.99e-01	0.5303	-7.0677	0.22139	70994552		CGATTTGGATCTGAGCAGCGACAATATCGATGCCGGTGATTTCCTCGGTGATGGTGTGCTCGACCTGAAT
74055502_LaemSinghVirus_306_Luteovirus	6.76e-01	5.99e-01	-0.5302	-7.06777	-0.12994	74055502		AAACACATCGCATCTTTTACTTATAAGAGTGAGGAGCTTCATGGTGAGATTTTAGATAGCATGTGCAGAA
34610121_MacrobrachiumRosenbergiiNodavirus_Nodavirus_622	7.00e-01	6.21e-01	0.4978	-7.08455	0.16915	34610121		TCAACCAATAACTGTTGCAGGTAAAGATGGAGATGTGAGGTTCACTATTAGTGACAACCAAGTGGACTAT
2114467_nt0106_rc_ChoristoneuraFumiferanaCypovirus16	7.01e-01	6.24e-01	-0.4942	-7.08638	-0.15196	2114467		AACGTCCGTCGGGGTATTTAGCAATTATGTCAGCGCGCAGAGTTGCGCCTGGTACATAAGGTGCAAGGTT
18699034_44_rc_AntheraeaAssamensisCypovirus4	7.02e-01	6.26e-01	0.4911	-7.08794	0.12073	18699034		TAGTAAGGCGATCGTTAAACAAGAAGCCACATTTAAGGCCTTTTGAGTGACATAAACGTGATGTTGATTT
976134_SigmaVirus_Rhabdovirus_3322	7.12e-01	6.36e-01	0.4768	-7.09495	0.1773	976134		CACTCACAGTGAAGATACATTACATGGACGAGATTTTAGTCAGCAACCTAAGGGCATGAAAAAAACTAGC
86610674_ApisMellifera_csd27A_657_rc	7.14e-01	6.39e-01	-0.4728	-7.09686	-0.13384	86610674		AAAAAAAAACAAAAAATTAATACAGCATTTAATGGTATGTGCATCAATATAAATTCATAACATACTAGGA
2668619_AcyrthosiphonPisumVirus_7596_rc	7.15e-01	6.42e-01	0.4677	-7.09926	0.13337	2668619		CATTTGCATAAGGATTGTCTACAGGGTCATAGGGTATTTGAGCAAGTATAGTACCGGCGGCTGTACCGTC
9964314_7548_rc_AmsactaMooreiEntomopoxvirusL_Entomopoxvirus	7.15e-01	6.42e-01	0.4677	-7.09927	0.09263	9964314		ACATATAATATTACATCTATAAAATACACAGCATAAATATTATTTTTTAATTGAGATAGAATATTTGAAA
86610772_ApisMellifera_csd13B_645_rc	7.19e-01	6.48e-01	0.4599	-7.10294	0.09436	86610772		GAAAAATTAATACTTAAGCATTTAATACTATGTGCATCAATATAAATTCATAACATACTAGGATTTAGAG
21321708_71_CricketParalysisVirus_Dicistro	7.19e-01	6.48e-01	-0.4595	-7.10314	-0.11665	21321708		AATTAATCTTCGCTGTTTTGGCTTTCTTTGCAATCAAGAAGATTCCTGGAAAACAGGATTGGGATAATTA
2407298_nt526_HeliothisArmigeraEntomopoxvirusL_Entomopoxvirus	7.19e-01	6.49e-01	-0.4576	-7.104	-0.13085	2407298		CTCTCAACGATATATGTTACGAACAAATAAAGGACTCGTTTCATTATGGATTATTCGGAGATTTTAAATT
20451028_346_TriatomaVirus_Dicistro	7.20e-01	6.51e-01	0.4548	-7.10531	0.15729	20451028		AGAGATAACTTTACGGGATCCTCTGCTACAGTTTCTCTTCCTACCTTCTCAAATTTTTATCTATCTTCGA
2351554_nt1954_rc_ChoristoneuraFumiferanaMNucleopolyhedrovirus_Nucleopolyhedrovirus	7.26e-01	6.58e-01	0.4451	-7.1097	0.13598	2351554		CCTCAAAATAACTTGGCGCTTTCAATAGGTCGTATGCCGCGCTAAACGTGCCGACATAAATTAACAAATA
18158481_nt5281_PlanococcusCitriDensovirus_Densovirus	7.34e-01	6.67e-01	0.433	-7.11511	0.11168	18158481		GACTTATGACGTCAATGCAAAAGTAGAACTGTACTTGATAGCTATATATTTTACTTCGTAAAACAACCAC
9944523_6401_rc_AmsactaMooreiEntomopoxvirusL_Entomopoxvirus	7.34e-01	6.68e-01	0.4319	-7.11558	0.10697	9944523		TGTACGGACGAATCAACAAATATTTTTCATAATTATCAGTTGGTGGAGCATCCAATAAAGTTCTAAAGTA
18254451_nt0646_DrosophilaXVirus_Birnaviridae	7.54e-01	6.87e-01	0.4051	-7.12694	0.12423	18254451		TGGCATATGGAAGAAAAGGTCACCATAAGAATAAGAGCTTTAAAGAAATGGGGATAACTCCATATCGTGT
4098251_nt0166_rc_ChoristoneuraFumiferanaEntomopoxvirusL_Entomopoxvirus	7.58e-01	6.93e-01	0.398	-7.12982	0.09848	4098251		TATTGGTATTATAAGTTATAATATCAAATACAAATTTTTGAAAATAATATTATTTTTTATAACTTAGGTA
2668619_AcyrthosiphonPisumVirus_9209_rc	7.58e-01	6.94e-01	0.3958	-7.1307	0.10638	2668619		CAATCCCCTGTCCTAATCCAGACAGGAGACCTCCACCCATAAACGCAGCAGCCATACCTGCATTAGCAAT
78057426_nt1771_rc_OperophteraBrumataCypovirus18	7.69e-01	7.05e-01	0.3804	-7.13675	0.11195	78057426		GTACATAAATGCGGGAGAGCAAAAACACGCCGTTTGTCTGCGATACATACTTTGAAAATAACTTCTTTGG
21636981_2144_PhthorimaeaOperculellaGranulovirus_Granulovirus	7.70e-01	7.08e-01	-0.3774	-7.13791	-0.10881	21636981		CCCATGCTGCCTACAAAATACAAAATAACGGCAAAAACTTTATACACGCTATAATTGTGTGCAAATTTTA
86610702_ApisMellifera_csd25B_684	7.70e-01	7.09e-01	0.3749	-7.13887	0.08225	86610702		TACACATGGTATTAAATACTGTATTAATTTTTCGTTTTTTTTAGGATTTGAACCTACGCATTAATGAAAA
10314009_AcuteBeeParalysisVirus_Dicistro_1090	7.70e-01	7.10e-01	-0.374	-7.1392	-0.09822	10314009		ACCAATCCAGGACCTGTTGAAACGTATAAAGACTTATGCAGAAGGAAAAATATTCGTAAGAGAAAATCTC
37730307_CrithidiaOncopelti_2_rc_Protist	7.70e-01	7.12e-01	0.372	-7.13998	0.1387	37730307		GTGCTCAACCTCCTGCTTCGCAATCACCAGAGAGGACTGTACCGCAGAGTAAACACGGTTTTGCCCATCT
56693045_SolenopsisInvictaVirus1_Dicistro_1726_rc	7.74e-01	7.17e-01	0.3652	-7.14252	0.12281	56693045		GCCTTAGGTTTCACCATGGTATGTGAGTCACCAGATGTCATTGCCTCAATCTTAGCTTTAGGTTTGTTTT
2829120_ApisCeranaIridovirus_58	7.75e-01	7.19e-01	-0.3614	-7.14389	-0.0821	2829120		CTTTAATAAACCCAGTTGCTCCTGGTGCTTCTCTTGGACCACCAGGTGGAACTAATTTAAATTTACCTTT
71480055_DeformedWingVirus_Iflavirus_7469_rc	7.75e-01	7.21e-01	-0.3597	-7.14452	-0.10213	71480055		AAAATTTTATTCACAGCAGCGTCTACTTGTTGTGTTGATCCCTGAGGCTTAGTAGTAACTGGCAATCTAT
221126_nt106_ChoristoneuraBiennisEntomopoxvirusL_Entomopoxvirus	7.84e-01	7.30e-01	0.3476	-7.14886	0.07697	221126		AAATAATAACAGGCCCCATGTATTCTGGTAAAACTACCGAATTAATTAGAAGAATTACAAGATATAAATT
1174228_52_HeliothisArmigeraEntomopoxvirusL_Entomopoxvirus	7.84e-01	7.31e-01	0.3454	-7.14964	0.07921	1174228		CATTTATTTTTGATAATTCTAATATGAATCCTAGAACATGTTTTAGATTATATCCTGAAACAAAATTAAA
27311152_VarroaDestructor_Mite_6982_rc	7.87e-01	7.36e-01	0.3393	-7.15177	0.11065	27311152		ACTTTTAAGAGCCCTAACTAAAAGAGCCCAATTACCCTTTTCTTATTGATTACCTGCAGCTATAGCTGCT
209745_nt3517_rc_AedesAegyptiDensovirus_Densovirus	8.07e-01	7.56e-01	-0.3132	-7.16037	-0.08162	209745		TACTTCTGGTAATTCCAATACTTGTCTCCCCATGTATTCTATGTTTGTTGATGTACTATAATCTGGGTAT
93009649_nt001_MonodonBaculovirus_Baculovirus	8.20e-01	7.69e-01	-0.295	-7.16599	-0.07848	93009649		TGGTCCACCATCAGGGTAGAATGATGGTCTTGCTCCAAAAAGAGTGCTTCCATTTTTTCATTTCCTTTAT
510569_nt3181_AdesAlbopictusDensovirus_Densovirus	8.20e-01	7.71e-01	-0.2932	-7.16654	-0.10483	510569		AGATACACAAAATACGAACTACCACAAAGGAACCAATATACAAGGGAAATCAACTTCCAGCAATTAACAA
10314009_AcuteBeeParalysisVirus_Dicistro_7313	8.32e-01	7.84e-01	0.2763	-7.17143	0.06882	10314009		CAAATGTGGGGACTGTTGTTCAGACAGTACAAAATATGACTACACGAGACAGTGAAACAATTAGGAAAGC
6646670_CloudyWingVirus_304	8.33e-01	7.86e-01	-0.2725	-7.17249	-0.08669	6646670		ATGATGGACCAGAAAATGCTTTGATCCGTCATGTATTATTGGTGGATGTGTACAATTCTGTGCATATTTG
51014188_BlackBeetleVirus_NodavirusBeetleVirus_3372_rc	8.37e-01	7.91e-01	0.2666	-7.1741	0.06057	51014188		AAAGTGTCCCTATTGGCGGTAAAGTTAATCGACTGGTTTAGTACATCTTTTCGAGTTACTACTTTGCCTT
58532236_NosemaBombi_2444_rc_Fungi	8.37e-01	7.93e-01	0.2643	-7.1747	0.0665	58532236		GACAATCCATAGTTACGTCATCATCTAATTCATTTTTCTTAGATAACATGATATACCGTCATTATCAAGT
86610792_ApisMellifera_csd29B_288	8.43e-01	8.00e-01	0.2545	-7.1773	0.06858	86610792		CAAGATAGAACGGAACGAGAGACATCTAAAGAACCTAAAATAATTTCATCCTTATCGAACAATTACAAAT
122704919_TropilaelapsClareae_Mite_3_rc	8.43e-01	8.01e-01	0.2534	-7.17757	0.07071	122704919		TAGCGGCAATAGTAAGTACCTATAGTACGAGTTATATACTGAAACAAGTGTAGCATAGACACAAGGCATC
9632405_SacbroodVirus_Iflavirus_7114	8.45e-01	8.05e-01	0.2484	-7.17886	0.07985	9632405		AAGTCCCAACCTGTAGTGCAGTTAGAAGATTGGGAAGGACCCAGTTTAGAAGAAGCAAAAATAATTTTAC
148727234_SolenopsisInvictaVirus2_3204_rc_UnclassifiedVirus	8.52e-01	8.13e-01	0.2386	-7.18129	0.06896	148727234		TCATCATAGATGCTTTATATGAGTGATCCTGACGCTGGATTGCCGGTTGATACTTAAACTGGTTATAGAT
10314009_AcuteBeeParalysisVirus_Dicistro_6498_rc	8.81e-01	8.42e-01	-0.1999	-7.18989	-0.05605	10314009		TACGTTGGAAGTATTTGTTTCTTGATCGGCAGGTATGATATTTCGGAACGCTGCATTCATTTGAATACAA
148727234_SolenopsisInvictaVirus2_9877_rc_UnclassifiedVirus	8.87e-01	8.50e-01	0.1904	-7.19178	0.05051	148727234		TCTAGTCTTTGGTGGTGTGGTTTCATCACCCAAAACCTTATTTATAGGGCGAAGTTCGTCTTTTGGAAAA
21668319_nt3852_rc_HeliothisVirescensAsocivurs3c	9.02e-01	8.67e-01	-0.1685	-7.19577	-0.04463	21668319		GTATTCAACCAAATCTGGTAGTAGTCCTCTGCGAGTTTTCAGTATACGAACTCGTTGTTTTGCGCACAGT
30526317_nt2371_KashmirBeeVirus_Dicistro	9.02e-01	8.67e-01	-0.1679	-7.19588	-0.06108	30526317		TGCGTAACTTTTCCAAGAATATCTACATGAGAAATGTAGAACAGGAATTTTGGGATAATTATCAAGGACA
3510485_nt0286_HeliothisArmigeraEntomopoxvirusL_Entomopoxvirus	9.11e-01	8.78e-01	-0.1546	-7.19804	-0.03549	3510485		AAAAATTATTTAATTATTTCTACTATATCGGCTTGCTCCGAATCTTTAGATATTAACAATTTAAATACAT
71480055_DeformedWingVirus_Iflavirus_4636_rc	9.14e-01	8.83e-01	0.1477	-7.1991	0.04321	71480055		TATCTTCACGCATCTTTGCTGCCTGAGCTTCTCTAACTTCGTCGGCTGTTTGATGGAAGAAGTTTTTAAT
15741225_PerinaNudaVirus_Iflavirus_5509_rc	9.14e-01	8.84e-01	-0.1465	-7.19929	-0.03703	15741225		ATCTACTAGACTAATAACCGGTGTCCTTTTAGCATACTCATCAATAATATCTGGGTTTACTCGCATTTTA
1235936_nt542_rc_TrichoplusiaNiGranulovirus_Granulovirus	9.14e-01	8.85e-01	0.1459	-7.19937	0.03811	1235936		TGCAGACCTTTATCACAAGCAGCTAATCTTGTAATAAATTTCTTGTAAACGTGCAAAATGACTCTTGTAA
86610674_ApisMellifera_csd27A_142	9.16e-01	8.89e-01	-0.1407	-7.20013	-0.036	86610674		AAGTATGAAACGAAATATATGAAATATATGATTATCATATTTGTTAAAAATTGGATTTTAATTAAATTTT
24078524_SpawnerIsolatedMortalityVirus_1235	9.22e-01	8.99e-01	-0.1277	-7.20191	-0.03058	24078524		AAAATTAAACAGCCTCGTAGGGCCACATCTTGAATGAGTTGCTGGATTGCTACTATTGCCAATAACGCAA
2829120_ApisCeranaIridovirus_67_rc	9.22e-01	8.99e-01	-0.1275	-7.20194	-0.03701	2829120		AAGAATGGCAAAGGTAAATTTAAATTAGTTCCACCTGGTGGTCCAAGAGAAGCACCAGGAGCAACTGGGT
30526317_56_KashmirBeeVirus_Dicistro	9.22e-01	9.00e-01	0.1267	-7.20204	0.02955	30526317		ATATAATGGATAATCTTATACCACAATTAGAAGAAACGTTAGCAGGCTTAGAAGGACTTATGCGAAGTGT
45544496_BrevibacillusLaterosporus_Bacteria_95	9.47e-01	9.25e-01	0.094	-7.2057	0.02801	45544496		AAGACTGGGATAACATAGGGAAACTTATGCTAATACCGGATAGGGTTTTGCTTCGCCTGAAGCGAAACGG
9957152_29_TrichoplusiaNiCypovirus15	9.51e-01	9.31e-01	-0.087	-7.20635	-0.02739	9957152		ACGCTAATCAAAACTTTATCATCCCGAGATGCCTACCGTACCGCGATCAATATGGCAAGGACTACTAATT
14993641_65_Cypovirus1	9.60e-01	9.42e-01	-0.0735	-7.20745	-0.02358	14993641		AACGAAGCGGTGTAGTTCAGCTGTTCTTACGAGATACATACTATAGGCTTCTTCCATCTTTGCATACGAC
27311152_VarroaDestructor_Mite_4637_rc	9.76e-01	9.61e-01	-0.0489	-7.20898	-0.0113	27311152		AAAATAATACCCTTAGGGGGTCATATTATTCCAATTTCAATTCTAGGAGAAAGTATTCTATGAAAATAGG
188543030_ChronicBeeParalysisVirus_1260_rc_UnclassifiedVirus	9.76e-01	9.61e-01	0.0488	-7.20899	0.01361	188543030		CTAACTCTAGGATGTCTTGTGCGTTATTAATTTCCAAGTCGTGCATGGTGAGTTTAGATATGATATATGA
10121211_367_rc_AcuteBeeParalysisVirus_Dicistro	9.76e-01	9.62e-01	0.0474	-7.20905	0.00981	10121211		CCAAATTGAAATTATCTGAAAAATTTAGACTATAGCCATACAAAAGAGGGTATGTCGTCCTCTAAAGTAC
30526317_nt0256_KashmirBeeVirus_Dicistro	9.81e-01	9.69e-01	-0.0389	-7.20943	-0.0115	30526317		AACCTTTAAGTAACTATCTTAGATGAAGTCTAGTAGTCTCCCAATATTTCCGTGAAAAGAATGAGGGACG
27311152_VarroaDestructor_Mite_7139_rc	9.81e-01	9.74e-01	0.0333	-7.20963	0.00684	27311152		AATCTTCTAATGCTGCAGGTATAATTACTTTCATAACAAACCGATTAGGAGACTCAGGATTTATTATAGG
603872_DiadromusPulchellusIdnoreovirus_Idnoreovirus_2126	9.81e-01	9.74e-01	0.0331	-7.20964	0.00826	603872		GAGTACACCGCAGACGGTCAAATCAAACTACGTTTTGAACGGAATACACACCAACGATATAGAACAGAAA
18158481_nt5296_PlanococcusCitriDensovirus_Densovirus	9.81e-01	9.74e-01	-0.0325	-7.20966	-0.01002	18158481		TGCAAAAGTAGAACTGTACTTGATAGCTATATATTTTACTTCGTAAAACAACCACAACGTCAACGACCAC
9633605_207_PeriplanetaFuliginosaDensovirus_Densovirus	9.82e-01	9.77e-01	0.0287	-7.20978	0.00899	9633605		CCCTGATGCTTTTGATGATCCTTTGTACACCCCTGATGCTCTCGATGATGTCTTGTACACCCCTGGTGTT
84316420_nt8788_rc_HomalodiscaCoagulataVirus1_Dicistro	9.85e-01	9.81e-01	0.0237	-7.20991	0.00743	84316420		AAACTAAGTAAAGAAGAAAATGACTTCCAGAGGCGCCCGGGACCTGTTTCTCGGGTCAGCGATTCTGAAA
4049647_2083_rc_MelanoplusSanguinipesEntomopoxvirus_Entomopoxvirus	9.87e-01	9.86e-01	-0.0181	-7.21003	-0.00569	4049647		GTAAATATATAGAAGCATGTAAAATTATATTAAATTCTAATGGTAAAGTATTATTATATAACCATTAGTA
154721378_HoneyBeeSlowParalysisVirus_Iflavirus_8381_rc	9.89e-01	9.89e-01	-0.0133	-7.21011	-0.00415	154721378		ATATTTCTTACCCACTTCGCTATTCAATTCTGCTGTAATGGGACTACCTGAAGCAATACCATTTAATGAT
